,Franchise,Movie_Count,revenue,ganancia_promedio_por_franquicia
0,The Bowery Boys,29.0,0.0,12647589.21
1,Totò Collection,27.0,0.0,0.0
2,James Bond Collection,26.0,7106970239.0,0.0
3,Zatôichi: The Blind Swordsman,26.0,0.0,0.0
4,The Carry On Collection,25.0,0.0,8635200.56
5,Pokémon Collection,22.0,698300796.0,22922775.68
6,Charlie Chan (Sidney Toler) Collection,21.0,0.0,822872.67
7,Godzilla (Showa) Collection,16.0,0.0,0.0
8,Uuno Turhapuro,15.0,0.0,1428663.4
9,Dragon Ball Z (Movie) Collection,15.0,112121192.0,0.0
10,Charlie Chan (Warner Oland) Collection,15.0,0.0,2082990.53
11,The Land Before Time Collection,14.0,84460846.0,10497023.21
12,Monster High Collection,14.0,0.0,146604.71
13,Sharpe Collection,13.0,0.0,0.0
14,George Carlin Comedy Collection,13.0,0.0,0.0
15,Sherlock Holmes (1939 series),12.0,0.0,6292164.42
16,Johan Falk GSI Collection,12.0,0.0,63349205.83
17,Friday the 13th Collection,12.0,464898544.0,19365623.5
18,The Amityville Horror Collection,12.0,213347083.0,8051558.25
19,Il Maresciallo Giraldi Collection,10.0,0.0,295591.7
20,Puppet Master Collection,10.0,0.0,673592.2
21,An American Girl Collection,10.0,0.0,446946.0
22,The Love Comes Softly Collection,10.0,0.0,0.0
23,Hellraiser Collection,10.0,55864723.0,1929414.4
24,Fantozzi Collection,10.0,0.0,2913131.1
25,Tom and Jerry Collection,10.0,0.0,0.0
26,Children of the Corn Collection,9.0,20980986.0,3927621.89
27,The Hire,9.0,0.0,6682409.22
28,The Garden of Sinners,9.0,0.0,0.0
29,Ernest Collection,9.0,51711491.0,40399062.0
30,The Magick Lantern Cycle,9.0,0.0,24666.67
31,Dracula (Hammer Series),9.0,909413.0,23664547.67
32,Asterix and Obelix (Animation) Collection,9.0,0.0,1777777.78
33,Jesse Stone Collection,9.0,0.0,35511436.56
34,The Pink Panther (Original) Collection,9.0,164478248.0,0.0
35,Tarzan (Johnny Weissmuller series),8.0,0.0,0.0
36,Harry Potter Collection,8.0,7707367425.0,0.0
37,The Fast and the Furious Collection,8.0,5125098793.0,30052683.62
38,"Signed, Sealed, Delivered",8.0,0.0,0.0
39,The Up Series,8.0,238073.0,0.0
40,Why We Fight,8.0,0.0,0.0
41,A Nightmare on Elm Street Collection,8.0,363591558.0,10951851.12
42,Star Wars Collection,8.0,7434494790.0,4171076.88
43,Vares Collection,8.0,0.0,13825509.12
44,Gamera Films,8.0,0.0,23813104.88
45,Jönsson Gang,8.0,0.0,201877.25
46,Halloween Collection,8.0,247168056.0,63006277.38
47,Police Story Collection,7.0,123544268.0,0.0
48,Ju-on Collection,7.0,0.0,28008523.71
49,Beethoven Collection,7.0,265457115.0,189265884.86
50,The Muppet Collection,7.0,400124401.0,87145971.57
51,Cheech & Chong Collection,7.0,119943461.0,4593578.14
52,The Bible Collection,7.0,0.0,0.0
53,Rocky Collection,7.0,1337126094.0,5102957.86
54,Jackass Collection,7.0,406116832.0,0.0
55,Disney Buddies Collection,7.0,0.0,0.0
56,Mr. Moto Collection,7.0,0.0,0.0
57,Police Academy Collection,7.0,304643237.0,0.0
58,Godzilla (Heisei) Collection,7.0,4100000.0,0.0
59,Black Emanuelle Collection,7.0,0.0,0.0
60,The Howling Collection,7.0,17985893.0,34032.43
61,Babylon 5 Collection,7.0,0.0,0.0
62,Road to Collection,7.0,0.0,93938976.43
63,Saw Collection,7.0,878307806.0,1491829.71
64,Sällskapsresorna,6.0,13656519.0,6550000.0
65,Lone Wolf and Cub Collection,6.0,0.0,230159604.33
66,Sniper Collection,6.0,18994653.0,5508926.5
67,Kevin Smith: Silent Bob Speaks!,6.0,0.0,0.0
68,Beach Party Collection,6.0,0.0,25835779.0
69,Ghost in the Shell: Arise,6.0,101203.0,1749949.0
70,Wallace & Gromit Collection,6.0,192452832.0,0.0
71,Universal Soldier Collection,6.0,12945586.0,164912564.33
72,"Martin Scorsese’s World Cinema Project, Vol. 1",6.0,0.0,5711094.0
73,Godzilla (Millennium) Collection,6.0,10037390.0,0.0
74,Kvartet I Collection,6.0,39409191.0,34646444.17
75,Saint Seiya Collection,6.0,0.0,38648132.17
76,Break Blade Collection,6.0,0.0,0.0
77,Le Gendarme de St. Tropez Collection,6.0,0.0,0.0
78,Outlaw Gangster VIP: The Complete Collection,6.0,0.0,44037200.5
79,The Thin Man Collection,6.0,1423000.0,0.0
80,Living Dead Collection,6.0,171135460.0,0.0
81,Herbie Collection,6.0,66002004.0,1333333.33
82,Child's Play Collection,6.0,176022038.0,0.0
83,Lassie (Kinofilme),6.0,0.0,0.0
84,Star Trek: The Original Series Collection,6.0,622900000.0,0.0
85,Leprechaun Collection (Original Series),6.0,10817562.0,42545635.5
86,Kickboxer Collection,6.0,15947717.0,0.0
87,Tinker Bell Collection,6.0,20300000.0,9509833.83
88,Alien Nation Collection,6.0,32155047.0,0.0
89,Texas Chainsaw Massacre Collection,6.0,92078277.0,124221.17
90,Despicable Me Collection,6.0,3691070216.0,86551994.17
91,"Silent Night, Deadly Night Collection",6.0,168890.0,0.0
92,Trailer Park Boys Collection,6.0,3833507.0,0.0
93,X-Men Collection,6.0,2808832317.0,0.0
94,Lupin the Third Collection,6.0,0.0,243664.83
95,The Fjällbacka Murders,6.0,0.0,0.0
96,Wrong Turn Collection,6.0,28650575.0,0.0
97,Frankenstein (Hammer Series),6.0,0.0,0.0
98,Paranormal Activity Collection,6.0,883848567.0,0.0
99,Emmanuelle Collection,6.0,0.0,0.0
100,Resident Evil Collection,6.0,1233421727.0,0.0
101,Faces of Death Collection,6.0,0.0,18357145.67
102,National Lampoon's Vacation Collection,5.0,322868721.0,21588847.2
103,LEGO DC Comics Super Heroes Collection,5.0,0.0,0.0
104,Death Wish Collection,5.0,85647565.0,0.0
105,The Marine Collection,5.0,22165608.0,49134322.6
106,Inner Sanctum mysteries,5.0,0.0,37210745.0
107,Ice Age Collection,5.0,3216708553.0,1094815.8
108,Transformers Collection,5.0,4366101244.0,0.0
109,Final Destination Collection,5.0,605502659.0,0.0
110,Frankenstein (Universal Series),5.0,12000000.0,0.0
111,The Discworld Collection,5.0,0.0,135055901.2
112,Fantômas Serial,5.0,0.0,557593017.4
113,Underworld Collection,5.0,539608743.0,0.0
114,Vääpeli Körmy - Collection,5.0,0.0,64653354.0
115,Schoolgirl Report Collection,5.0,0.0,0.0
116,Planet of the Apes Original Collection,5.0,83288644.0,0.0
117,The Bourne Collection,5.0,1637416431.0,0.0
118,Blondie Collection,5.0,0.0,7687189.4
119,The Mummy (Universal Series),5.0,0.0,191527469.0
120,Superman Collection,5.0,976908540.0,0.0
121,Six Degrees of Celebration Collection,5.0,22772019.0,82949316.0
122,Dragon Ball Z OVA Collection,5.0,0.0,0.0
123,Subspecies Collection,5.0,0.0,18854213.4
124,The Exorcist Collection,5.0,589331619.0,66000000.0
125,Prom Night Collection,5.0,32275991.0,2269664.8
126,Fist of the North Star: The Legends of the True Savior,5.0,862.0,53489430.0
127,Lake Placid Collection,5.0,56870414.0,0.0
128,Dr. Dolittle Collection,5.0,470560949.0,0.0
129,The Adventures of Antoine Doinel,5.0,0.0,0.0
130,Three Heroes Collection,5.0,24209008.0,39176421.0
131,Phantasm Collection,5.0,19271320.0,6386149.0
132,The Twilight Collection,5.0,3342107290.0,0.0
133,Air Bud Collection,5.0,33368615.0,0.0
134,Step Up Collection,5.0,650939748.0,0.0
135,The Invisible Man (Universal Series),5.0,1040000.0,0.0
136,Dirty Harry Collection,5.0,189622693.0,0.0
137,The Terminator Collection,5.0,1845327738.0,78311340.4
138,Hercules TV Movies,5.0,0.0,0.0
139,Highlander Collection,5.0,74099948.0,1123478.2
140,Mythica Collection,5.0,0.0,0.0
141,Torrente Collection,5.0,11672363.0,253217038.0
142,Osobennosti Natsionalnoy ... - Collection,5.0,0.0,0.0
143,Home Alone Collection,5.0,914758871.0,0.0
144,The Hannibal Lecter Anthology,5.0,924422301.0,2.0
145,Sleepaway Camp Collection,5.0,0.0,5000000.0
146,Tremors Collection,5.0,48572000.0,0.0
147,Sartana Collection,5.0,0.0,0.0
148,The Yakuza Papers Collection,5.0,0.0,2985170.6
149,Die Hard Collection,5.0,1435086362.0,75470110.6
150,Mission: Impossible Collection,5.0,2778977995.0,0.0
151,Slayers - Movie Collection,5.0,0.0,0.0
152,Bring It On Collection,5.0,90449929.0,53091423.0
153,Shrek Collection,5.0,2955807008.0,6540897.8
154,The Jack Ryan Collection,5.0,836688411.0,0.0
155,Beck Collection,5.0,0.0,18350640.4
156,American Ninja Collection,5.0,10499694.0,0.0
157,The Eye Collection,5.0,56309766.0,20116935.8
158,Tales from the Crypt Collection,5.0,5600000.0,0.0
159,Pirates of the Caribbean Collection,5.0,4521576826.0,44562884.4
160,Scary Movie Collection,5.0,896555030.0,1300000.0
161,Return of the Living Dead Collection,5.0,23497131.0,32256321.2
162,Final Fantasy Collection,4.0,85401810.0,183883625.75
163,American Pie Collection,4.0,989475386.0,0.0
164,The Scorpion King Collection,4.0,165333180.0,0.0
165,Lonesome Dove Collection,4.0,0.0,98958478.5
166,Lilo & Stitch Collection,4.0,145771527.0,0.0
167,Tales of the Four Seasons,4.0,0.0,10121259.75
168,Rambo Collection,4.0,727873237.0,0.0
169,The Dick Proenneke Collection,4.0,0.0,9000000.0
170,The Olsen Gang Collection,4.0,0.0,0.0
171,The Magnificent Seven Collection,4.0,4905000.0,0.0
172,Once Upon a Time in China Collection,4.0,61766696.0,0.0
173,Asterix and Obelix Collection,4.0,245671613.0,0.0
174,Diary of a Wimpy Kid Collection,4.0,265350212.0,0.0
175,Scooby-Doo Collection,4.0,457117536.0,0.0
176,Rudolph the Red-Nosed Reindeer Collection,4.0,0.0,0.0
177,Critters Collection,4.0,16980525.0,103774732.0
178,Airport Collection,4.0,190504839.0,8284904.5
179,The Wolf Man (Universal Series),4.0,0.0,73293248.5
180,Dracula (Universal Series),4.0,1012189.0,0.0
181,Street Fighter Collection,4.0,0.0,0.0
182,The Mummy (Hammer Series),4.0,0.0,0.0
183,Hamilton Collection,4.0,3142763.0,601355.0
184,Scanners Collection,4.0,28451752.0,0.0
185,Iron Eagle Collection,4.0,0.0,0.0
186,One Missed Call Collection,4.0,0.0,3122617.5
187,Spy Kids Collection,4.0,550233830.0,151214.0
188,Behind Enemy Lines Collection,4.0,91753202.0,12960669.75
189,Cinderella Story Collection,4.0,70067909.0,3167825.0
190,The Cutting Edge Collection,4.0,25105517.0,0.0
191,The Chronicles of Riddick Collection,4.0,267297687.0,0.0
192,"Ilsa, She Wolf of the SS Collection",4.0,0.0,0.75
193,Futurama Collection,4.0,0.0,0.0
194,Alvin and the Chipmunks Collection,4.0,1380957626.0,0.0
195,Taxi Collection,4.0,126491626.0,328557.5
196,Corto Maltese,4.0,0.0,0.0
197,Shaft Collection,4.0,130776116.0,0.0
198,Open Season Collection,4.0,197309027.0,0.0
199,Mad Max Collection,4.0,539689391.0,133521308.75
200,The Toxic Avenger Collection,4.0,0.0,22612482.25
201,Ringu Collection,4.0,27377073.0,2406107.5
202,The Benji Collection,4.0,0.0,0.0
203,Simon Brenner Collection,4.0,0.0,0.0
204,The Sinbad Collection,4.0,27000000.0,0.0
205,American Pie (Spin-off) Collection,4.0,0.0,0.0
206,The Gamers Collection,4.0,0.0,400000.0
207,Revenge of the Nerds Collection,4.0,22642033.0,0.0
208,Flatfoot Collection,4.0,0.0,654125.75
209,Undisputed Collection,4.0,12398628.0,853124.25
210,Nuke 'Em High Collection,4.0,0.0,0.0
211,The Dirty Dozen Collection,4.0,45300000.0,0.0
212,Trancers Collection,4.0,0.0,9961586.0
213,St. Trinian's Collection,4.0,0.0,0.0
214,Billy Jack Collection,4.0,36000000.0,0.0
215,Harry Palmer Collection,4.0,0.0,0.0
216,The Transporter Collection,4.0,310705790.0,9933173.25
217,Meatballs Collection,4.0,0.0,25833753.25
218,Caprona Collection,4.0,0.0,0.0
219,Madagascar Collection,4.0,2257054393.0,0.0
220,Ghoulies Collection,4.0,35000000.0,0.0
221,Vixens Collection,4.0,6000000.0,559660210.25
222,[REC] Collection,4.0,59265680.0,4284325.5
223,Jurassic Park Collection,4.0,3031484143.0,0.0
224,Dragon Ball Collection,4.0,0.0,652000.0
225,3 Ninjas Collection,4.0,0.0,0.0
226,Eating Out Series,4.0,0.0,438494.75
227,Poison Ivy Collection,4.0,0.0,12890676.25
228,"Murder, She Baked Collection",4.0,0.0,343001400.5
229,Nemesis Collection,4.0,0.0,71982048.5
230,Werner Collection,4.0,0.0,1000000.0
231,House Party Collection,4.0,26386000.0,0.0
232,Alien Collection,4.0,610021801.0,0.0
233,Ator Collection,4.0,0.0,51464728.75
234,Scream Collection,4.0,604382926.0,4300231.25
235,Indiana Jones Collection,4.0,1983733810.0,2231900.0
236,The Karate Kid Collection,4.0,260702809.0,0.0
237,RoboCop Collection,4.0,352066348.0,0.0
238,The Doctor Series,4.0,0.0,0.0
239,Lethal Weapon Collection,4.0,955237243.0,0.0
240,Fu Manchu Collection,4.0,0.0,130820333.25
241,The Whistler collection,4.0,0.0,0.0
242,Starship Troopers Collection,4.0,121214377.0,0.0
243,The Crow Collection,4.0,111917287.0,79848485.75
244,"Ninja, Band of Assassins Collection",4.0,0.0,29985865.25
245,Paranormal Investigations Collection,4.0,0.0,44005509.5
246,Anaconda Collection,4.0,207878665.0,5245246.5
247,The Lion King Collection,4.0,788241776.0,52581934.5
248,Bionicle Collection,4.0,0.0,0.0
249,Sharknado Collection,4.0,0.0,0.0
250,The Omen Collection,4.0,107912717.0,65897853.75
251,Confessions Collection,4.0,0.0,17516977.25
252,Star Trek: The Next Generation Collection,4.0,455312826.0,0.0
253,Justice League (Animated) Collection,4.0,5155325.0,8538275.25
254,Recep İvedik Serisi,4.0,154851495.0,44758447.75
255,Naruto Collection,4.0,17322136.0,133428284.75
256,Wishmaster Collection,4.0,15719109.0,614973.75
257,Swan Princess Series,4.0,10045302.0,0.0
258,Deathstalker Collection,4.0,8890685.0,0.0
259,The Jaws Collection,4.0,798406075.0,7509876.5
260,The Visitors Collection,4.0,0.0,33643369.25
261,Fievel Collection,4.0,125308043.0,122843271.75
262,Bloodsport Collection,4.0,12490470.0,40750.0
263,Batman Collection,4.0,1266085190.0,27584510.75
264,Casper Collection,4.0,287928194.0,0.0
265,Halloweentown Collection,4.0,0.0,0.0
266,The Nancy Drew Collection (Bonita Granville),4.0,0.0,46515679.5
267,House Collection,4.0,9538897.0,0.0
268,Hababam Sınıfı Collection,4.0,0.0,57721182.0
269,DragonHeart Collection,4.0,115267375.0,0.0
270,The Prophecy Collection,4.0,16.0,0.0
271,TekWar Collection,4.0,0.0,0.0
272,Atlas Shrugged Collection,4.0,5474079.0,30170.0
273,The Hunger Games Collection,4.0,2944162634.0,19372904.5
274,Species Collection,4.0,132539663.0,325000.0
275,Mothra Collection,4.0,0.0,8757188.75
276,Killer Tomatoes! Collection,4.0,0.0,4245131.25
277,Saints and Soldiers Collection,3.0,0.0,202416130.0
278,A Better Tomorrow Collection,3.0,4469460.0,0.0
279,Flodder Collection,3.0,0.0,0.0
280,The Yes Men Collection,3.0,0.0,71175245.33
281,Zenon Collection,3.0,0.0,0.0
282,Mark Collection,3.0,0.0,25300736.0
283,Ong Bak Collection,3.0,11277041.0,167272.67
284,Love in the City Collection,3.0,19310550.0,23278271.67
285,Appleseed Collection,3.0,1461989.0,0.0
286,French Fried Vacation,3.0,0.0,0.0
287,Tiny Times Collection,3.0,126.0,3388819.67
288,Black Scorpion Collection,3.0,0.0,0.0
289,Puella Magi Madoka Magica: The Movie,3.0,12947880.0,0.0
290,Sailor Moon Collection,3.0,0.0,0.0
291,Pippi Longstocking,3.0,0.0,0.0
292,Anne of Green Gables Collection,3.0,0.0,60877088.33
293,Trilogía de la violencia de Michael Haneke,3.0,0.0,80928712.33
294,Would I Lie to You? Collection,3.0,113080982.0,0.0
295,The Vengeance Collection,3.0,40738250.0,9236238.67
296,Oskar Luts Collection,3.0,0.0,0.0
297,The Comics Collection,3.0,0.0,0.0
298,Barbie Fairytopia Collection,3.0,0.0,706290.33
299,The Cremaster Cycle,3.0,0.0,16292834.0
300,Annika Bengtzon Collection,3.0,0.0,1790174.0
301,Bikini Summer Collection,3.0,0.0,0.0
302,Unoffical Ghosthouse Series,3.0,0.0,0.0
303,Pusher Collection,3.0,0.0,0.0
304,Johan Falk Collection,3.0,0.0,674045.0
305,Koker Trilogy,3.0,0.0,0.0
306,Batman Unlimited Collection,3.0,0.0,0.0
307,Hellboy (Animated) Collection,3.0,0.0,0.0
308,Samurai Trilogy,3.0,7338987.0,0.0
309,Naked Collection,3.0,0.0,261037659.67
310,Golmaal Collection,3.0,0.0,36244933.33
311,The Gingerdead Man Collection,3.0,0.0,0.0
312,A Chinese Ghost Story Collection,3.0,0.0,24587505.33
313,Berserk: Golden Age Arc,3.0,0.0,2666666.67
314,The Trip Collection,3.0,951179.0,28549188.33
315,Harold & Kumar Collection,3.0,102817243.0,2963561.67
316,Samurai Collection,3.0,0.0,0.0
317,Honey Collection,3.0,62646763.0,12000000.0
318,Prostokvashino Collection,3.0,0.0,0.0
319,Europa Trilogy,3.0,0.0,0.0
320,Darkman Collection,3.0,48878502.0,39090255.0
321,Самый лучший фильм - Коллекция,3.0,9816332.0,1966666.67
322,Pitbull - Kolekcja,3.0,0.0,0.0
323,Hate Story Collection,3.0,0.0,0.0
324,Otto Collection,3.0,0.0,0.0
325,Ginger Snaps Collection,3.0,0.0,1230356738.67
326,Tenchi Muyô Collection,3.0,0.0,0.0
327,The Good Witch Collection,3.0,0.0,0.0
328,Kizumonogatari,3.0,0.0,0.0
329,The Cabin Fever Collection,3.0,30553394.0,41337022.67
330,Elements Trilogy,3.0,11452892.0,0.0
331,S.W.A.T. Collection,3.0,116643346.0,0.0
332,Trilogie,3.0,0.0,29311740.33
333,Winnie-the-Pooh (Russian),3.0,0.0,0.0
334,Les Ripoux - Trilogie,3.0,0.0,0.0
335,The Work and the Glory Collection,3.0,6697771.0,0.0
336,The Klapisch Trilogy,3.0,27625100.0,49798809.0
337,Aki Kaurismäki's Finland trilogy,3.0,1615018.0,88450070.67
338,Maigret (Rowan Atkinson) Collection,3.0,0.0,0.0
339,Gourmet Detective Collection,3.0,0.0,0.0
340,Willard,3.0,0.0,478362120.67
341,Ivan Tsarevich & the Grey Wolf Collection,3.0,27724000.0,0.0
342,Class of 1999 Collection,3.0,2459895.0,0.0
343,Not Quite Human Collection,3.0,0.0,0.0
344,Lovey-Dovey Collection,3.0,17850711.0,0.0
345,The Cheetah Girls Collection,3.0,0.0,80546430.0
346,The Matt Helm Collection,3.0,18718124.0,63207564.33
347,The Adventures of Erast Fandorin,3.0,0.0,0.0
348,The Butterfly Effect Collection,3.0,96060858.0,14820283.33
349,The Orphic Trilogy,3.0,0.0,6123502.0
350,Overheard Collection,3.0,0.0,254410988.0
351,Topper Collection,3.0,0.0,0.0
352,That's Entertainment Collection,3.0,0.0,5759.0
353,Major Korenev Trilogy,3.0,5166340.0,0.0
354,Naval Cadets Collection,3.0,0.0,49276310.0
355,The Grudge Collection,3.0,261228450.0,0.0
356,It's Alive Collection,3.0,0.0,0.0
357,Witchboard Collection,3.0,168180.0,0.0
358,The Elusive Revengers Collection,3.0,0.0,27687052.67
359,Night of the Demons Collection,3.0,3109904.0,87980.33
360,"No Retreat, No Surrender Collection",3.0,4770291.0,0.0
361,Anchorman Collection,3.0,264223203.0,156853649.67
362,The Philadelphia Experiment - Collezione,3.0,2970.0,0.0
363,The Human Condition,3.0,0.0,0.0
364,Dead or Alive Collection,3.0,0.0,0.0
365,Per Fly trilogien (Samling),3.0,0.0,303137.67
366,Robot Jox Collection,3.0,0.0,337396.33
367,Infernal Affairs Collection,3.0,8708932.0,11000112.33
368,The Complete Monterey Pop Festival,3.0,0.0,0.0
369,Silence of God Trilogy by Ingmar Bergman,3.0,0.0,37373730.67
370,Vampire Karnstein (Hammer series),3.0,0.0,0.0
371,The Delta Force Collection,3.0,24467261.0,0.0
372,Legend of the Galactic Heroes Collection,3.0,0.0,38422458.33
373,Thou Shalt Laugh Collection,3.0,0.0,0.0
374,Walking Tall Collection,3.0,57223890.0,0.0
375,The Prince & Me Collection,3.0,0.0,0.0
376,The Boogeyman Collection,3.0,67192859.0,0.0
377,The Man from U.N.C.L.E. Collection,3.0,0.0,152126633.0
378,Screwballs Collection,3.0,0.0,5061747.0
379,Kung Fu Panda Collection,3.0,1818607666.0,0.0
380,12 Rounds Collection,3.0,17280326.0,0.0
381,V/H/S Collection,3.0,124934.0,10689000.0
382,Garfield (Animation) Collection,3.0,0.0,0.0
383,Ranma Collection,3.0,0.0,0.0
384,The Hangover Collection,3.0,1075726677.0,0.0
385,Bad Ass Collection,3.0,0.0,0.0
386,Nativity Collection,3.0,0.0,1595596.33
387,Lucky Stars Collection,3.0,0.0,0.0
388,Star Trek: Alternate Reality Collection,3.0,1196517508.0,754840.67
389,The Wolverine Collection,3.0,1405305345.0,0.0
390,The Millennium Collection,3.0,214839043.0,6035.67
391,Shaolin Temple Collection,3.0,19712261.0,3817630.67
392,La Trilogie Marseillaise,3.0,0.0,21009227.0
393,The Hobbit Collection,3.0,2935523356.0,52129401.67
394,StreetDance Collection,3.0,18197477.0,0.0
395,Ip Man Collection,3.0,214733351.0,1865422.33
396,Rurouni Kenshin Live-Action Collection,3.0,61700000.0,0.0
397,Hanzo the Razor Collection,3.0,0.0,0.0
398,Beverly Hills Chihuahua Collection,3.0,161281606.0,0.0
399,Crows Collection,3.0,0.0,243917.67
400,The Sabata Collection,3.0,0.0,4389342.33
401,Cat Stevens y Hutch Bessy Trilogy,3.0,0.0,0.0
402,Death Race Collection,3.0,73762516.0,1502701.33
403,Resident Evil: Biohazard,3.0,0.0,17237163.67
404,The ABCs of Death Collection,3.0,28831.0,0.0
405,Death Note Collection,3.0,108734800.0,30840688.33
406,Sissi Collection,3.0,0.0,0.0
407,Rebuild of Evangelion,3.0,101873825.0,6666666.67
408,Pitch Perfect Collection,3.0,402856620.0,0.0
409,Spud Collection,3.0,0.0,11774348.0
410,Demonic Toys Collection,3.0,0.0,0.0
411,Insidious Collection,3.0,201313001.0,0.0
412,"Pane, amore e… - Collezione",3.0,0.0,23968.0
413,"Sarah, Plain and Tall Collection",3.0,0.0,0.0
414,The One-Armed Swordsman Collection,3.0,0.0,27675974.67
415,Easy Money Collection,3.0,0.0,2490434.67
416,Thor Collection,3.0,1093898020.0,6867905.0
417,Captain America Collection,3.0,2238640841.0,0.0
418,Tekken Collection,3.0,967000.0,0.0
419,The Smurfs (Theatrical) Collection,3.0,1108367047.0,0.0
420,The Expendables Collection,3.0,793216361.0,17407768.67
421,Rampage Collection,3.0,0.0,58064856.67
422,Trilogia Zé do Caixão,3.0,0.0,269780777.33
423,男はつらいよ シリーズ,3.0,0.0,206542494.0
424,Mega Shark Collection,3.0,0.0,0.0
425,Alpha and Omega Collection,3.0,39300000.0,0.0
426,The Human Centipede Collection,3.0,0.0,0.0
427,Planet of the Apes (Reboot) Collection,3.0,1563412714.0,0.0
428,Varg Veum Collection,3.0,0.0,0.0
429,Cold Prey Collection,3.0,0.0,0.0
430,The Worricker Collection,3.0,0.0,0.0
431,Sometimes They Come Back Collection,3.0,0.0,0.0
432,Xtro Collection,3.0,0.0,0.0
433,The Gruffalo Collection,3.0,0.0,0.0
434,Sharktopus Collection,3.0,0.0,55301563.67
435,The Incredible Hulk (TV Movie) Collection,3.0,0.0,0.0
436,Housefull Collection,3.0,0.0,0.0
437,The Purge Collection,3.0,316699354.0,219524.33
438,Stargate SG-1 Collection,3.0,8900000.0,0.0
439,The Blind Dead Collection,3.0,0.0,10903631.33
440,My Little Pony: Equestria Girls Collection,3.0,0.0,41769347.67
441,High School Musical Collection,3.0,7000000.0,316611207.33
442,Cars Collection,3.0,1372005602.0,0.0
443,Robert Langdon Collection,3.0,1344455157.0,0.0
444,Curious George Collection,3.0,69834815.0,201834219.67
445,20th Century Boys Collection,3.0,31244858.0,28467270.0
446,Troll Collection,3.0,5450815.0,656302141.67
447,Shark.Attack,3.0,0.0,5693389.0
448,Jungle Jim Collection,3.0,0.0,287.33
449,Hostel Collection,3.0,116198455.0,0.0
450,Charlie Chan (Roland Winters) Collection,3.0,0.0,0.0
451,BloodRayne Collection,3.0,2405420.0,0.0
452,The Chronicles of Narnia Collection,3.0,1584144587.0,31587949.33
453,Jarhead Collection,3.0,96889998.0,0.0
454,Mostly Ghostly Collection,3.0,0.0,0.0
455,I Spit on Your Grave Collection,3.0,573618.0,0.0
456,Goal! Collection,3.0,27610873.0,0.0
457,Green Street Hooligans Collection,3.0,3154346.0,0.0
458,Whistling Collection,3.0,0.0,0.0
459,Snow Queen Collection,3.0,12400000.0,0.0
460,Mr. Wong Collection,3.0,0.0,0.0
461,Whispering Corridors Collection,3.0,0.0,0.0
462,The Dark Knight Collection,3.0,2463716216.0,0.0
463,Lone Wolf film series,3.0,0.0,2246380.33
464,Ukraine Trilogy,3.0,0.0,0.0
465,The Ouija Experiment Collection,3.0,0.0,4000000.0
466,Trilogy of Life,3.0,0.0,0.0
467,Fantomas Collection,3.0,0.0,0.0
468,Krrish Collection,3.0,0.0,51232875.0
469,Jungledyret Hugo Collection,3.0,0.0,0.0
470,Night at the Museum Collection,3.0,1337011293.0,17881067.0
471,Dhoom Series,3.0,149396427.0,0.0
472,Taken Collection,3.0,928743298.0,40523360.33
473,Iron Man Collection,3.0,2424547547.0,154966181.33
474,Outpost Collection,3.0,0.0,8307412.33
475,Never Back Down Collection,3.0,41627431.0,9302007.0
476,Anders Matthesen,3.0,0.0,0.0
477,Zeitgeist Collection,3.0,0.0,8612205.33
478,Killjoy,3.0,0.0,0.0
479,Paradise Trilogy,3.0,37476.0,424739669.67
480,Hatchet Collection,3.0,52604.0,0.0
481,In the Name of the King Collection,3.0,0.0,0.0
482,Design Trilogy,3.0,0.0,0.0
483,One Piece Collection,3.0,119207073.0,2467160.0
484,Divergent Collection,3.0,763232964.0,0.0
485,The Disappearance Of Eleanor Rigby,3.0,985007.0,224781765.0
486,The Librarian Collection,3.0,0.0,0.0
487,Maniac Cop Collection,3.0,0.0,0.0
488,The 36th Chamber of Shaolin Collection,3.0,0.0,0.0
489,Flowers in the Attic Collection,3.0,0.0,1366666.67
490,Cocaine Cowboys,3.0,163000.0,0.0
491,Don Camillo Collection,3.0,0.0,0.0
492,Arthur and the Invisibles Collection,3.0,107944236.0,0.0
493,Feast Collection,3.0,658573.0,114168932.67
494,Department Q series,3.0,5900000.0,0.0
495,Son of Batman Collection,3.0,0.0,0.0
496,Super Giant Collection,3.0,0.0,0.0
497,A Golden Christmas Collection,3.0,0.0,0.0
498,Vabank (Collection),3.0,0.0,0.0
499,Toy Story Collection,3.0,1937890605.0,0.0
500,Paradise Lost Collection,3.0,0.0,125985249.33
501,Dracula 2000 Collection,3.0,33000337.0,4025788.33
502,Armour of God Collection,3.0,0.0,33734.33
503,Left Behind Collection,3.0,0.0,0.0
504,Wong Kar-Wai's Informal Collection,3.0,32268129.0,246584904.67
505,Drunken Master Collection,3.0,0.0,11666666.67
506,The Blue Lagoon collection,3.0,61660960.0,0.0
507,Alex Cross Collection,3.0,196059666.0,0.0
508,I Know What You Did Last Summer Collection,3.0,165588246.0,0.0
509,The Sandlot Collection,3.0,32416586.0,9203624.33
510,Carnosaur Collection,3.0,1753979.0,1587445.67
511,Cinderella Collection,3.0,263591415.0,17765522.33
512,The Little Mermaid Collection,3.0,222300000.0,1366666.67
513,The Lord of the Rings Collection,3.0,2916544743.0,3345796.67
514,Addams Family Collection,3.0,240421469.0,0.0
515,Ocean's Collection,3.0,1124774054.0,0.0
516,Parent Trap Collection,3.0,0.0,0.0
517,Mimic Collection,3.0,25480490.0,0.0
518,The Bad New Bears Collection,3.0,54427642.0,0.0
519,The Lord of the Rings Animated Collection,3.0,30471420.0,2161321.0
520,The Santa Clause Collection,3.0,447188544.0,0.0
521,Pee-wee's Collection,3.0,56062662.0,0.0
522,Blade Collection,3.0,415098928.0,0.0
523,Center Stage Collection,3.0,17200925.0,0.0
524,Three Colors Collection,3.0,0.0,65661748.67
525,National Lampoon’s Van Wilder Collection,3.0,44361991.0,1051448.67
526,Smokey and the Bandit Collection,3.0,198549004.0,0.0
527,Men In Black Collection,3.0,1655236118.0,8345965.67
528,The Three Mothers Collection,3.0,54947.0,172804822.33
529,The Brave Little Toaster Collection,3.0,0.0,0.0
530,Problem Child Collection,3.0,0.0,545581590.0
531,"Oh, God! Collection",3.0,41687243.0,0.0
532,The Gods Must Be Crazy Collection,3.0,60000000.0,0.0
533,Lost Boys Collection,3.0,32222567.0,0.0
534,Conan the Barbarian Collection,3.0,186062718.0,0.0
535,Beverly Hills Cop Collection,3.0,735534503.0,0.0
536,When a Stranger Calls Collection,3.0,66966987.0,0.0
537,Bridget Jones Collection,3.0,534085235.0,0.0
538,Legally Blonde Collection,3.0,266689521.0,0.0
539,Candyman Collection,3.0,39732693.0,39891791.67
540,Cannonball Run Collection,3.0,103335013.0,82389352.0
541,The Musketeers Collection,3.0,0.0,0.0
542,Look Who's Talking Collection,3.0,296000000.0,1047587.67
543,All Dogs Go to Heaven Collection,3.0,35720705.0,0.0
544,K-9 Collection,3.0,78247647.0,12695259.33
545,Zorro Collection,3.0,392688588.0,178247358.0
546,Basket Case Collection,3.0,0.0,0.0
547,Ghost in the Shell Collection,3.0,12077365.0,24729892.33
548,Poltergeist Collection,3.0,177340665.0,0.0
549,Cyborg Collection,3.0,10166459.0,0.0
550,Teenage Mutant Ninja Turtles (Original) Collection,3.0,322000000.0,34272414.33
551,The Skulls Collection,3.0,35007180.0,0.0
552,The Apu Collection,3.0,722579.0,2569122475.0
553,Warlock Collection,3.0,0.0,17534.67
554,Batman (DC Universe Animated) Collection,3.0,5617391.0,0.0
555,"Honey, I Shrunk the Kids Collection",3.0,281386624.0,0.0
556,Creepshow Collection,3.0,35028755.0,0.0
557,Witch Mountain Collection,3.0,36393000.0,0.0
558,"Monsters, Inc. Collection",3.0,1306375863.0,14614137.33
559,Re-Animator Collection,3.0,2023414.0,0.0
560,Alienation Trilogy,3.0,0.0,0.0
561,Joy Ride Collection,3.0,36642838.0,0.0
562,Wild Things Collection,3.0,67200000.0,0.0
563,The Mighty Ducks Collection,3.0,119317844.0,86569016.67
564,Predator Collection,3.0,281604679.0,18621574.33
565,Dexter Riley Collection,3.0,0.0,444928.67
566,The Godfather Collection,3.0,429375314.0,0.0
567,Major League Collection,3.0,83995773.0,0.0
568,Henry Fool Collection,3.0,1334786.0,0.0
569,Stuart Little Collection,3.0,470092173.0,22000668.0
570,Aladdin Collection,3.0,504050219.0,3558731.33
571,Slap Shot Collection,3.0,28000000.0,0.0
572,Naked Gun Collection,3.0,216819186.0,0.0
573,Cube Collection,3.0,501818.0,0.0
574,Free Willy Collection,3.0,153698625.0,2333333.33
575,Living Trilogy,3.0,0.0,24699982.67
576,The Slumber Party Massacre Collection,3.0,0.0,60644401.0
577,Care Bears Collection,3.0,2608000.0,63404485.0
578,Creature From The Black Lagoon (Universal Series),3.0,1300000.0,304919623.67
579,Barbershop Collection,3.0,195882105.0,10903141.0
580,Big Momma's House Collection,3.0,395833914.0,20882254.33
581,Teenage Apocalypse Trilogy,3.0,27354.0,93795541.33
582,Mexico Trilogy,3.0,125631947.0,21525205.33
583,Rush Hour Collection,3.0,849734899.0,1999588.33
584,Bad Boys Collection,3.0,414746580.0,0.0
585,The Neverending Story Collection,3.0,36442475.0,0.0
586,The Ring Collection,3.0,493881361.0,74890119.0
587,From Dusk Till Dawn Collection,3.0,25836616.0,0.0
588,Friday Collection,3.0,121570081.0,38732818.33
589,The Decline of Western Civilization Collection,3.0,0.0,104949663.0
590,Qatsi Collection,3.0,2326424.0,25628971.0
591,The Art of War Collection,3.0,30199105.0,0.0
592,The Mummy Collection,3.0,1250027401.0,277200853.67
593,Porky's Collection,3.0,180006429.0,3179632.33
594,Enter the Ninja Collection,3.0,13168027.0,8795333.33
595,The Matrix Collection,3.0,1627105295.0,5609848.33
596,Cruel Intentions Collection,3.0,75902208.0,0.0
597,The BRD Collection,3.0,0.0,4606060.33
598,Ace Ventura Collection,3.0,319602929.0,13615360.67
599,The Fly (1958 series),3.0,3000000.0,0.0
600,Missing in Action Collection,3.0,39761759.0,0.0
601,Balto Collection,3.0,11348324.0,368000602.33
602,Crocodile Dundee Collection,3.0,607248390.0,0.0
603,Heart of Gold Collection,3.0,43842412.0,55196082.0
604,Back to the Future Collection,3.0,957637345.0,0.0
605,Quatermass (Hammer series),3.0,0.0,0.0
606,xXx Collection,3.0,694669972.0,191206.0
607,Shiloh Collection,3.0,0.0,0.0
608,The Man With No Name Collection,3.0,35500000.0,0.0
609,Dumb and Dumber Collection,3.0,456379899.0,0.0
610,Evil Dead Collection,3.0,35323044.0,1072236184.33
611,War Trilogy,3.0,0.0,0.0
612,Ghostbusters Collection,3.0,739754714.0,0.0
613,Urban Legend,3.0,111101957.0,0.0
614,Before... Collection,3.0,32704489.0,0.0
615,Psycho Collection,3.0,81206606.0,0.0
616,Blair Witch Collection,3.0,293172994.0,0.0
617,Dungeons & Dragons Collection,3.0,15185241.0,0.0
618,Tetsuo Collection,3.0,0.0,0.0
619,Spider-Man Collection,3.0,2496346518.0,0.0
620,Tarzan (Animation) Collection,3.0,448000000.0,0.0
621,The Substitute Collection,3.0,0.0,0.0
622,Meet the Parents Collection,3.0,1157737569.0,0.0
623,Austin Powers Collection,3.0,675279506.0,0.0
624,Barrytown Trilogy,3.0,0.0,402217067.67
625,Rugrats Collection,3.0,100491786.0,661244603.33
626,Captain America 1979 Classic Collection,2.0,0.0,4354466.0
627,Now You See Me Collection,2.0,452600231.0,0.0
628,Hotel Transylvania Collection,2.0,831602561.0,0.0
629,Carmina - Colección,2.0,0.0,100656500.5
630,Sinister Collection,2.0,130594457.0,0.0
631,Evil Bong Collection,2.0,0.0,22217219.5
632,Bleach (Collection),2.0,0.0,0.0
633,The X-Files Collection,2.0,257567747.0,107366675.5
634,Tengen Toppa Gurren Lagann Collection,2.0,0.0,0.0
635,"F*ck You, Goethe Collection",2.0,83027924.0,1212273773.5
636,The Conjuring Collection,2.0,638170149.0,4067515.5
637,Mulan Collection,2.0,304320254.0,0.0
638,Manuale d'amore - Collezione,2.0,0.0,0.0
639,French Connection Collection,2.0,53643201.0,0.0
640,Planes Collection,2.0,370954499.0,0.0
641,Young Guns Collection,2.0,44726644.0,0.0
642,Trapped in the Closet,2.0,0.0,13862000.0
643,Les Mystères de l'ouest (Collection),2.0,0.0,0.0
644,101 Dalmatians (Live-Action) Collection,2.0,504301065.0,190243335.5
645,The Saint Collection,2.0,118063304.0,203058416.0
646,Dabangg Collection,2.0,0.0,3553485119.5
647,Ride Along Collection,2.0,278825135.0,48444999.0
648,We Are From The Future Collection,2.0,8910819.0,61160227.5
649,Grease Collection,2.0,196985246.0,0.0
650,George of the Jungle Collection,2.0,0.0,64916194.5
651,The Odd Couple Collection,2.0,44527234.0,15493847.5
652,Gor Collection,2.0,0.0,0.0
653,... Has Fallen Collection,2.0,366780087.0,0.0
654,Le Cœur des Hommes,2.0,0.0,0.0
655,Count Yorga Collection,2.0,0.0,130150774.0
656,The Three Brothers Collection,2.0,0.0,160330802.0
657,McHale's Navy Collection,2.0,4529843.0,0.0
658,Don Collection,2.0,0.0,0.0
659,Race Collection,2.0,0.0,228697410.0
660,Nick Carter Collection,2.0,0.0,0.0
661,The Angel Collection,2.0,0.0,18321419.0
662,Seventh Company Collection,2.0,0.0,0.0
663,Tai Chi Collection,2.0,0.0,195013471.0
664,Turbulence Collection,2.0,11466088.0,0.0
665,Man of Steel Collection,2.0,1536105712.0,0.0
666,Bullit & Riper Collection,2.0,0.0,1515742071.5
667,A Haunted House Collection,2.0,60141683.0,2577662.5
668,Batman: The Dark Knight Returns Collection,2.0,0.0,0.0
669,Frozen Collection,2.0,1274219009.0,0.0
670,The Sentimental Swordsman Collection,2.0,0.0,39123823.5
671,Jack Reacher Collection,2.0,380486671.0,0.0
672,The Man with the Iron Fists Collection,2.0,15608545.0,0.0
673,Mr. Bean Collection,2.0,480949014.0,0.0
674,Fearless Hyena Collection,2.0,0.0,0.0
675,Brother Collection,2.0,0.0,0.0
676,Dick Tracy 1940s Collection,2.0,0.0,65011723.5
677,King Kong (1976 series),2.0,95325665.0,0.0
678,Klovn,2.0,0.0,0.0
679,King Kong (1933 series),2.0,10000000.0,0.0
680,Outrage Collection,2.0,0.0,78444451.5
681,Stepford Collection,2.0,0.0,7973858.5
682,Elizabeth Collection,2.0,156388205.0,82500.0
683,Napapiirin sankarit,2.0,0.0,0.0
684,Mechanic Collection,2.0,176800442.0,166554230.5
685,Vampires Collection,2.0,0.0,0.0
686,Dead Space Collection,2.0,0.0,0.0
687,The Thing Collection,2.0,47758430.0,0.0
688,New Kids Collection,2.0,8786756.0,0.0
689,Daffy Duck Movie Collection,2.0,0.0,0.0
690,Rio Collection,2.0,984824195.0,100978844.0
691,Benvenuti al... Collection,2.0,100584679.0,5000000.0
692,Eye of the Dolphin Collection,2.0,71904.0,47662832.5
693,Rosemary's Baby Collection,2.0,33395426.0,0.0
694,Philo Vance Collection,2.0,0.0,207175773.0
695,Horrible Bosses Collection,2.0,224670357.0,0.0
696,Dhamaal Collection,2.0,0.0,0.0
697,Henry: Portrait of a Serial Killer Collection,2.0,0.0,0.0
698,The Secret Of NIMH Collection,2.0,14665733.0,0.0
699,Garfield Holiday Celebrations,2.0,0.0,0.0
700,Fletch Collection,2.0,94763848.0,0.0
701,La Classe Américaine & Cie,2.0,0.0,0.0
702,Romancing the Stone Collection,2.0,183345438.0,0.0
703,Grown Ups Collection,2.0,518414467.0,21500000.0
704,Little Nicholas Collection,2.0,0.0,0.0
705,Piranha 3D Collection,2.0,91681893.0,711455.0
706,The Fly Collection,2.0,99532338.0,0.0
707,The President's Man Collection,2.0,0.0,0.0
708,The Last Exorcism Collection,2.0,82917392.0,0.0
709,Gasland Collection,2.0,0.0,909303833.0
710,Machete Collection,2.0,46336060.0,0.0
711,Tarzan (Lex Barker series),2.0,0.0,19704595.5
712,Vampires Suck Collection,2.0,80547866.0,5371883.5
713,Men in the City Collection,2.0,0.0,0.0
714,Superman / Batman (Animated) Collection,2.0,0.0,0.0
715,The Gate Collection,2.0,0.0,0.0
716,Monsters Collection,2.0,4242978.0,0.0
717,Korengal Valley Documentaries,2.0,1422910.0,13687192.0
718,RED Collection,2.0,71664962.0,0.0
719,Cocoon Collection,2.0,110338043.0,0.0
720,Sammy's Adventure Collection,2.0,0.0,46800000.0
721,The Riffs Trilogy,2.0,0.0,0.0
722,The Bill Douglas Trilogy,2.0,0.0,28435207.0
723,Tangled Collection,2.0,591794936.0,0.0
724,Charlotte's Web Collection,2.0,0.0,0.0
725,Gantz Collection,2.0,0.0,0.0
726,Fright Night (Reboot) Collection,2.0,24922237.0,0.0
727,Stake Land Collection,2.0,33245.0,0.0
728,Eden of the East Collection,2.0,0.0,0.0
729,Jingle All the Way Collection,2.0,129832389.0,0.0
730,The Raid Collection,2.0,6732396.0,0.0
731,Gamma One Collection,2.0,0.0,0.0
732,La trilogie de la mort – Nacho Cerda,2.0,0.0,0.0
733,Bambi Collection,2.0,267447150.0,0.0
734,Best Exotic Marigold Hotel Collection,2.0,222814422.0,133344760.5
735,Flubber Collection,2.0,0.0,0.0
736,Think Like a Man Collection,2.0,166251935.0,0.0
737,Three Steps Above Heaven Collection,2.0,0.0,0.0
738,Boys Love Collection,2.0,0.0,0.0
739,Largo Winch Collection,2.0,0.0,0.0
740,The Huntsman Collection,2.0,561202163.0,5408781.0
741,Prometheus Collection,2.0,635550385.0,0.0
742,The Pact Collection,2.0,0.0,0.0
743,A Few Best Men Collection,2.0,29131311.0,0.0
744,The Poseidon Adventure Collection,2.0,84563118.0,0.0
745,Ted Collection,2.0,766390903.0,0.0
746,Elling Collection,2.0,0.0,0.0
747,The Amazing Spider-Man Collection,2.0,1457933289.0,477618621.5
748,The Gremlins Collection,2.0,194565309.0,0.0
749,Jump Street Collection,2.0,390026942.0,6000000.0
750,Goon Collection,2.0,6483963.0,0.0
751,The Dead Collection,2.0,0.0,0.0
752,Singham Collection,2.0,25034000.0,0.0
753,Birdemic Collection,2.0,0.0,0.0
754,TRON Collection,2.0,433062763.0,72885763.5
755,The Inbetweeners Collection,2.0,88025781.0,0.0
756,"Fat, Sick & Nearly Dead",2.0,0.0,0.0
757,Masti Collection,2.0,47000000.0,0.0
758,Ironclad Collection,2.0,0.0,0.0
759,The Avengers Collection,2.0,2924961604.0,85567730.0
760,Splash Collection,2.0,69821334.0,0.0
761,The Rescuers Collection,2.0,118647330.0,0.0
762,Peter Pan Collection,2.0,197267333.0,0.0
763,Kokowääh Filmreihe,2.0,43000000.0,0.0
764,101 Dalmatians (Animated) Collection,2.0,215880014.0,0.0
765,Lady and the Tramp Collection,2.0,93600000.0,148000000.0
766,The Jungle Book Collection,2.0,341523612.0,0.0
767,Born To Race Collection,2.0,0.0,811082.0
768,Dolphin Tale Collection,2.0,147828930.0,16111283.5
769,Cat Run Collection,2.0,0.0,0.0
770,Grave Encounters Collection,2.0,0.0,0.0
771,Detective Dee Collection,2.0,124011068.0,0.0
772,The Woman in Black Collection,2.0,154232059.0,9655275.0
773,Iron Sky Collection,2.0,8135031.0,8925355.5
774,Babysitting,2.0,0.0,0.0
775,Teen Beach Collection,2.0,0.0,0.0
776,Phobia Collection,2.0,0.0,0.0
777,Burnout Collection,2.0,0.0,0.0
778,The Crossing Collection,2.0,0.0,0.0
779,Snow Collection,2.0,0.0,0.0
780,Twitches Collection,2.0,0.0,0.0
781,Robert,2.0,0.0,0.0
782,The Falcon Series,2.0,0.0,23168030.0
783,Little Witch Academia Collection,2.0,0.0,0.0
784,Das Sams Collection,2.0,0.0,0.0
785,El pico - Colección,2.0,2264522.0,0.0
786,Baby Burlesks,2.0,0.0,269844695.5
787,The Underdog Knight Collection,2.0,0.0,1128527196.5
788,The Lego Movie Collection,2.0,781111076.0,0.0
789,Detective K Collection,2.0,0.0,0.0
790,The Mask Collection,2.0,351583407.0,0.0
791,The Flintstones (Live-Action) Collection,2.0,401099483.0,144867314.0
792,Adventures of Mowgli,2.0,0.0,0.0
793,Hornblower Collection,2.0,0.0,2583170.0
794,Flying Guillotine Collection,2.0,0.0,41997886.5
795,Wizards of Waverly Place Collection,2.0,0.0,145445186.5
796,Wallander (Rolf Lassgård),2.0,0.0,304920818.5
797,Parasyte Collection,2.0,0.0,0.0
798,The Bridge,2.0,0.0,768052856.0
799,Santa Baby Collection,2.0,0.0,0.0
800,Moskva-Kassiopeya Collection,2.0,0.0,0.0
801,"Hard Revenge, Milly Collection",2.0,0.0,0.0
802,Library Wars Collection,2.0,0.0,23236811.0
803,Saheb Biwi Aur Gangster Collection,2.0,0.0,0.0
804,Bhoothnath Collection,2.0,0.0,0.0
805,Bad Kids Collection,2.0,0.0,0.0
806,Hot Shots! Collection,2.0,314848989.0,0.0
807,Hard Target Collection,2.0,74189677.0,122041188.0
808,Love in a... Collection,2.0,0.0,0.0
809,The Fugitive / U.S. Marshals Collection,2.0,471243165.0,0.0
810,The Endless Summer Collection,2.0,0.0,23500000.0
811,Kusswechsel Filmreihe,2.0,0.0,21983627.5
812,City Slickers Collection,2.0,179033791.0,0.0
813,Bahubali Collection,2.0,330000000.0,2264921.5
814,Lavalantula Collection,2.0,0.0,64521435.5
815,Stakeout Collection,2.0,0.0,0.0
816,Scuola di ladri - Collezione,2.0,0.0,88400221.0
817,Descendants Collection,2.0,0.0,578868784.5
818,Mobile Suit Gundam Collection,2.0,0.0,0.0
819,Calcutta Trilogy,2.0,0.0,0.0
820,Street Fighter,2.0,112187722.0,0.0
821,Attack on Titan Collection,2.0,0.0,827618059.0
822,Timecop Collection,2.0,101646581.0,0.0
823,Speed Collection,2.0,514956211.0,0.0
824,The Vampire Chronicles,2.0,269143718.0,62815973.5
825,A Goofy Movie Collection,2.0,35348597.0,0.0
826,We Were Here,2.0,0.0,0.0
827,Brooklyn Cigar Store Collection,2.0,9624430.0,0.0
828,DC Super Hero Girls Collection,2.0,0.0,0.0
829,식객 시리즈,2.0,0.0,0.0
830,The Lawnmower Man Collection,2.0,34510225.0,12740245.0
831,Pocahontas Collection,2.0,346079773.0,0.0
832,Mortal Kombat Collection,2.0,173572781.0,36218219.5
833,Babe Collection,2.0,323266770.0,106000000.0
834,Karlson Collection,2.0,0.0,19880879.5
835,Chili Palmer Collection,2.0,210327738.0,1389488997.5
836,John Pinette Collection,2.0,0.0,0.0
837,Epoch Collection,2.0,0.0,0.0
838,Shadow Boxing Collection,2.0,19434733.0,0.0
839,Mommies Collection,2.0,11666088.0,0.0
840,"All inclusive, или все включено (Коллекция)",2.0,0.0,5833044.0
841,Облако-рай (Коллекция),2.0,0.0,0.0
842,The Aum Shinrikyo Collection,2.0,0.0,0.0
843,Dark World Collection,2.0,2118871.0,2121489.0
844,Hooked Collection,2.0,5998765.0,653187931.5
845,Psy Collection,2.0,0.0,86786390.5
846,Father of the Bride Collection,2.0,165904691.0,0.0
847,Что Творят мужчины! (Коллекция),2.0,0.0,0.0
848,Mister Blot Collection,2.0,0.0,0.0
849,Screamers Collection,2.0,5781885.0,0.0
850,Detective Conan Collection,2.0,0.0,240474507.0
851,Klassefesten (Samling),2.0,0.0,0.0
852,Sherlock Holmes: The Golden Years Collection,2.0,0.0,0.0
853,Witchcraft Collection,2.0,0.0,0.0
854,Clerks Collection,2.0,30039506.0,0.0
855,Burnt by the Sun Trilogy,2.0,2616503.0,0.0
856,Fimfárum (kolekce),2.0,0.0,0.0
857,All Stars Collectie,2.0,0.0,152160127.0
858,Thumbs! Collection,2.0,0.0,0.0
859,Under Siege Collection,2.0,260887222.0,0.0
860,Feluda Collection,2.0,0.0,228833647.5
861,Teen Titans Collection,2.0,0.0,50367359.0
862,Billa Collection,2.0,0.0,0.0
863,Tognazzi & Vianello Collection,2.0,0.0,0.0
864,Síť (kolekce),2.0,110627965.0,0.0
865,Power Rangers Collection,2.0,83979739.0,0.0
866,Animation Runner Kuromi (OAV collection),2.0,0.0,0.0
867,Megazone 23 Collection,2.0,0.0,0.0
868,M.D. Geist Collection,2.0,0.0,0.0
869,Little Forest Collection,2.0,0.0,0.0
870,The Bremen Town Musicians (Collection),2.0,0.0,0.0
871,Circuitry Man Collection,2.0,0.0,0.0
872,Big Man Collection,2.0,0.0,0.0
873,Un éléphant ça trompe énormément,2.0,0.0,0.0
874,The Secret Garden Collection,2.0,0.0,0.0
875,1920 Collection,2.0,0.0,0.0
876,The Shadow Collection,2.0,48063435.0,108409593.0
877,Cowgirls n' Angels Collection,2.0,120680.0,0.0
878,8MM Collection,2.0,96618699.0,107868105.0
879,Ski School Collection,2.0,0.0,0.0
880,Painted Skin Collection,2.0,0.0,8661068.0
881,Best of the Best Collection,2.0,6500000.0,161434360.5
882,Les Tuche,2.0,0.0,22180995.5
883,The Water of the Hills Collection,2.0,0.0,402407531.0
884,Ringo Collection,2.0,0.0,0.0
885,Basic Instinct Collection,2.0,391556702.0,0.0
886,Anche gli angeli - Collezione,2.0,0.0,18065000.0
887,Trilogy Marseillaise,2.0,0.0,188457960.5
888,L'allenatore nel pallone - Collezione,2.0,10743767.0,0.0
889,Weekend at Bernie's Collection,2.0,30218387.0,0.0
890,Dirty Dancing Collection,2.0,241639290.0,0.0
891,Freeway Collection,2.0,0.0,20813715.5
892,V: The Collection,2.0,0.0,4393378.0
893,The Fox and the Hound Collection,2.0,29800000.0,0.0
894,Caballeros Collection,2.0,0.0,668505646.5
895,Winnetou Collection,2.0,0.0,1554952.0
896,Tom Thorne Collection,2.0,0.0,8500000.0
897,The Shaggy Dog Collection,2.0,0.0,50038171.0
898,The Amazing Colossal Man Duology,2.0,0.0,0.0
899,Cyborg Cop Trilogy,2.0,0.0,0.0
900,The Blues Brothers Collection,2.0,129281274.0,0.0
901,Davy Crockett Collection,2.0,0.0,0.0
902,Ouija Collection,2.0,185296017.0,0.0
903,Contracted Collection,2.0,0.0,2385145.5
904,Carrie Collection,2.0,51562705.0,0.0
905,My Mom is a Character Collection,2.0,0.0,0.0
906,Ocho apellidos - Colección,2.0,0.0,0.0
907,Torchy Blane,2.0,0.0,226300115.5
908,Belle et Sébastien,2.0,0.0,0.0
909,Prudence et Bélisaire Beresford Collection,2.0,0.0,1113583.5
910,The Blob Collection,2.0,0.0,0.0
911,God's Not Dead Collection,2.0,53296567.0,0.0
912,Fantasia Collection,2.0,174194570.0,562387027.0
913,Neighbors Collection,2.0,376915921.0,0.0
914,Guardians of the Galaxy Collection,2.0,1636744770.0,20843621.5
915,Detective Collection,2.0,0.0,0.0
916,Teenage Mutant Ninja Turtles (Remake) Collection,2.0,722823848.0,0.0
917,Antboy Collection,2.0,0.0,0.0
918,The Durango Kid,2.0,0.0,0.0
919,The Maze Runner Collection,2.0,659576787.0,1200000.0
920,Madicken,2.0,0.0,0.0
921,John Wick Collection,2.0,260301548.0,30883348.0
922,The Jake Gittes Collection,2.0,40000000.0,1100563.0
923,The Sting Collection,2.0,165963399.0,0.0
924,Santas Paw,2.0,0.0,59603536.5
925,Kenny Rogers Legend Of The Gambler,2.0,0.0,5638520.5
926,Ghost in the Shell: Stand Alone Complex,2.0,0.0,0.0
927,The Little Polar Bear Collection,2.0,0.0,98654513.5
928,Lucky Luke (Animation) Collection,2.0,0.0,27333977.0
929,Erkan & Stefan Filmreihe,2.0,4508104.0,0.0
930,Seven Dwarfs Collection,2.0,0.0,0.0
931,Ants in the Pants Collection,2.0,0.0,0.0
932,Dead Rising Collection,2.0,0.0,0.0
933,Hardbodies Collection,2.0,0.0,92648008.5
934,Space Dogs,2.0,6500000.0,0.0
935,The War of Flower Collection,2.0,0.0,0.0
936,Munna Bhai Collection,2.0,0.0,0.0
937,Heavy Metal Collection,2.0,0.0,0.0
938,Homeward Bound Collection,2.0,32709423.0,0.0
939,Beauty and the Beast Collection,2.0,377350553.0,0.0
940,Barbie A Mermaid Tale Collection,2.0,31930745.0,203801453.0
941,Barbie Mariposa Collection,2.0,0.0,0.0
942,Hera Pheri Collection,2.0,0.0,0.0
943,Bulldog Drummond (Richard Johnson) Collection,2.0,0.0,0.0
944,Sarkar Collection,2.0,5900000.0,0.0
945,Cetto La Qualunque - Collezione,2.0,8927600.0,0.0
946,The Brady Bunch Collection,2.0,0.0,0.0
947,Tanu Weds Manu Collection,2.0,252000.0,18738.0
948,Johnny Tsunami Collection,2.0,0.0,441924283.5
949,Girl's on Top Collection,2.0,0.0,0.0
950,Spiders - Collection,2.0,0.0,0.0
951,The Apple Dumpling Gang Collection,2.0,0.0,0.0
952,The Happy Hooker Collection,2.0,0.0,0.0
953,The Space Odyssey Series,2.0,109100657.0,28031331.0
954,Tarzan (Gordon Scott series),2.0,0.0,0.0
955,"Impy, the small dinosaur Collection",2.0,0.0,0.0
956,Unstable Fables Collection,2.0,0.0,0.0
957,Fifty Shades Collection,2.0,949833622.0,200537980.0
958,Escape From ... Collection,2.0,92522065.0,37280960.0
959,Sunes samtliga Resor,2.0,0.0,98633666.5
960,Lotta,2.0,0.0,9635660.0
961,Borsalino Collection,2.0,3.0,35343714.5
962,The Nutty Professor Collection,2.0,252077290.0,0.0
963,Family Guy Presents Collection,2.0,0.0,0.0
964,The Hunchback of Notre Dame Collection,2.0,100138851.0,0.0
965,Independence Day Collection,2.0,1206651203.0,0.0
966,Hercules (Lou Ferrigno) Collection,2.0,10676194.0,45840946.5
967,Trainspotting Collection,2.0,57903789.0,0.0
968,Lilla Jönsonligan Collection,2.0,0.0,2260788413.0
969,The Arrival Collection,2.0,14048372.0,0.0
970,ДухLess (Коллекция),2.0,13218980.0,201428310.0
971,Mardock Scramble Collection,2.0,0.0,185477249.5
972,Cardcaptor Sakura Collection,2.0,0.0,781706357.0
973,Gwendolyn Shepherd Collection,2.0,0.0,41644322.0
974,The Hustler Collection,2.0,59893982.0,173039886.5
975,Magic Mike Collection,2.0,289734628.0,0.0
976,The Hitcher (1986) Collection,2.0,5844868.0,349150398.0
977,Nanny McPhee Collection,2.0,215736210.0,152321618.5
978,The Dentist Collection,2.0,0.0,61772134.0
979,The Legend Collection,2.0,6924581.0,88670332.5
980,District 13 Collection,2.0,18370506.0,90003214.5
981,The Cell Collection,2.0,104155843.0,41989869.5
982,Hoodwinked! Collection,2.0,64575616.0,140802339.5
983,Project A Collection,2.0,0.0,0.0
984,Pumpkinhead Collection,2.0,4385516.0,0.0
985,The Tall Blond Man Collection,2.0,0.0,0.0
986,The Comedians Of Comedy Collection,2.0,0.0,16137995.5
987,Havoc Collection,2.0,0.0,317775192.5
988,The Pink Panther (Steve Martin) Collection,2.0,75871032.0,0.0
989,Gator Collection,2.0,0.0,0.0
990,Hollow Man Collection,2.0,190213455.0,0.0
991,Nekromantik Collection,2.0,0.0,40603303.0
992,Pulse Collection,2.0,29907685.0,0.0
993,"Heaven, Hell and Purgatory Collection",2.0,0.0,6473940.0
994,Johnny English Collection,2.0,320661604.0,0.0
995,Django - Original films,2.0,17277.0,14953842.5
996,La cage aux folles,2.0,27374384.0,0.0
997,The Hills Have Eyes (Original) Collection,2.0,25000000.0,2192758.0
998,Ultimate Avengers Collection,2.0,14600000.0,0.0
999,Blue Crush Collection,2.0,51842679.0,0.0
1000,Miss Congeniality Collection,2.0,212000000.0,0.0
1001,The Emperor's New Groove Collection,2.0,169327687.0,1163212.0
1002,Wall Street Collection,2.0,178596090.0,0.0
1003,The Sisterhood of the Traveling Pants Collection,2.0,83405478.0,20427709.5
1004,My Friends Collection,2.0,0.0,0.0
1005,Fantastic Four Collection,2.0,619627482.0,35832481.0
1006,"Crouching Tiger, Hidden Dragon Collection",2.0,213525736.0,0.0
1007,Nobody Collection,2.0,0.0,0.0
1008,The Dukes Of Hazzard Collection,2.0,110803676.0,0.0
1009,Agent Cody Banks Collection,2.0,87614809.0,0.0
1010,Charlie's Angels Collection,2.0,523281333.0,363936618.5
1011,Waiting Collection,2.0,18637690.0,0.0
1012,Into the Blue Collection,2.0,44434439.0,0.0
1013,976-EVIL Collection,2.0,2955917.0,0.0
1014,The Sorority House Massacre Collection,2.0,0.0,1011707.0
1015,Wolf Creek Collection,2.0,37393092.0,50936912.5
1016,The Descent Collection,2.0,0.0,77425747.5
1017,The Wild Geese Collection,2.0,0.0,124436917.0
1018,Election Collection,2.0,0.0,0.0
1019,The Hills Have Eyes (Reboot) Collection,2.0,69623713.0,0.0
1020,Emil i Lönneberga,2.0,0.0,0.0
1021,Happily N'Ever After Collection,2.0,38085778.0,616710863.5
1022,OSS 117 Collection,2.0,0.0,0.0
1023,Reeker Collection,2.0,0.0,0.0
1024,She Collection,2.0,0.0,11748565.5
1025,Nevada Smith Collection,2.0,0.0,11321016.5
1026,Breakin' Collection,2.0,0.0,0.0
1027,Another Gay Movie Collection,2.0,745327.0,0.0
1028,A Man Called Horse Collection,2.0,0.0,0.0
1029,Loose Change Collection,2.0,0.0,139412567.5
1030,The Lost Skeleton Collection,2.0,0.0,0.0
1031,Happy Feet Collection,2.0,534742074.0,0.0
1032,House of 1000 Corpses Collection,2.0,16829545.0,13688536.5
1033,Man of Marble/Iron Collection,2.0,0.0,492412097.5
1034,Smokin' Aces Collection,2.0,57103895.0,15025014.0
1035,The Messengers Collection,2.0,1109660.0,59877139.0
1036,The Flicka Collection,2.0,0.0,0.0
1037,SPL Collection,2.0,0.0,0.0
1038,Ghost Rider Collection,2.0,377955748.0,672227578.5
1039,Kidulthood Collection,2.0,165000.0,176033174.0
1040,Jeepers Creepers Collection,2.0,122320455.0,0.0
1041,Philo & Clyde Collection,2.0,70687429.0,0.0
1042,Silent Hill Collection,2.0,149910249.0,0.0
1043,Firestarter Collection,2.0,17080167.0,668563047.0
1044,The Protector Collection,2.0,30468044.0,56446159.5
1045,Die Nibelungen Collection,2.0,0.0,91672719.0
1046,The Emigrants Collection,2.0,0.0,0.0
1047,The Streetfighter Collection,2.0,0.0,16697713.0
1048,F/X Collection,2.0,20603715.0,0.0
1049,28 Days/Weeks Later Collection,2.0,146958325.0,50245893.0
1050,See No Evil Collection,2.0,0.0,0.0
1051,Finding Nemo Collection,2.0,1968906425.0,30850000.0
1052,The Gidget Collection,2.0,0.0,424867449.5
1053,Road Trip Collection,2.0,119754278.0,58321673.0
1054,The Sheriff and the Satellite Kid Collection,2.0,0.0,0.0
1055,9½ Weeks Collection,2.0,6735922.0,0.0
1056,Crank Collection,2.0,77491618.0,0.0
1057,Bon Cop Bad Cop Collection,2.0,12671300.0,0.0
1058,Almighty Collection,2.0,657572835.0,0.0
1059,Shanghai Noon Collection,2.0,145255792.0,0.0
1060,Saturday Night Fever Collection,2.0,302005854.0,0.0
1061,Clint Eastwood's Iwo Jima Collection,2.0,134573477.0,0.0
1062,Annie Collection,2.0,57059003.0,0.0
1063,Sin City Collection,2.0,198141436.0,0.0
1064,Walking Tall Original Collection,2.0,0.0,0.0
1065,The Crimson Rivers Collection,2.0,0.0,3669493.5
1066,Cats & Dogs Collection,2.0,205858915.0,0.0
1067,Dream a Little Dream Collection,2.0,0.0,0.0
1068,Teen Wolf Collection,2.0,0.0,0.0
1069,Battle Royale Collection,2.0,25000000.0,0.0
1070,Mean Girls Collection,2.0,129042871.0,2950000.0
1071,Kindergarten Cop Collection,2.0,201957688.0,0.0
1072,Van Helsing Collection,2.0,300257475.0,151002927.0
1073,Patlabor Collection,2.0,0.0,45519138.0
1074,WarGames Collection,2.0,79567667.0,439153903.0
1075,My Big Fat Greek Wedding Collection,2.0,457667295.0,0.0
1076,My Wife is a Gangster Collection,2.0,0.0,14225876.0
1077,Fubar Collection,2.0,0.0,448277515.0
1078,Tomb Raider Collection,2.0,431208728.0,0.0
1079,Eddie and the Cruisers Collection,2.0,4786789.0,0.0
1080,White Fang Collection,2.0,34793160.0,228558768.0
1081,The Foreigner Collection,2.0,0.0,302191463.0
1082,The Kingdom,2.0,0.0,2890942.5
1083,Atlantis Collection,2.0,186053725.0,0.0
1084,Fortress Collection,2.0,6739141.0,0.0
1085,Batman Beyond Collection,2.0,0.0,0.0
1086,Yossi Collection,2.0,116207.0,0.0
1087,Pumping Iron Collection,2.0,0.0,0.0
1088,The Hunters Collection,2.0,0.0,0.0
1089,Short Circuit Collection,2.0,62327849.0,0.0
1090,The Man From Snowy River Collection,2.0,20659423.0,198001.5
1091,Dr Goldfoot Collection,2.0,0.0,351800239.0
1092,Unna Trilogie,2.0,0.0,0.0
1093,Blacula Collection,2.0,0.0,9717366.5
1094,USA: Land of Opportunities Collection,2.0,17355754.0,0.0
1095,Bill & Ted's Most Excellent Collection,2.0,40485039.0,65388058.0
1096,Cheaper by the Dozen Collection,2.0,319393943.0,72627896.0
1097,The Female Prisoner Series,2.0,0.0,9856130.5
1098,Täällä Pohjantähden alla (Timo Koivusalo),2.0,0.0,0.0
1099,Evangelion Collection,2.0,20000000.0,0.0
1100,Kirikou,2.0,0.0,0.0
1101,Hellboy Collection,2.0,259707050.0,0.0
1102,If These Walls Could Talk Collection,2.0,0.0,0.0
1103,Running Out Of Time Collection,2.0,0.0,0.0
1104,3 Men Collection,2.0,0.0,429321839.5
1105,The Wog Boy Collection,2.0,0.0,0.0
1106,Herr Lehmann Filmreihe,2.0,0.0,0.0
1107,Mr. Vampire Collection,2.0,0.0,0.0
1108,Demons Collection,2.0,0.0,31163924.5
1109,Trilogy of Terror Collection,2.0,0.0,0.0
1110,Star Wars: The Ewok Adventures Collection,2.0,0.0,10175377.0
1111,Barefoot Gen Collection,2.0,0.0,1477903504.0
1112,Brancaleone Collection,2.0,1314230.0,0.0
1113,The Rutles Collection,2.0,0.0,0.0
1114,Dr. Who Collection,2.0,0.0,0.0
1115,The Are We Collection,2.0,97918663.0,74955124.5
1116,Alone in the Dark Collection,2.0,10442808.0,84445.0
1117,Mannequin Collection,2.0,46473622.0,0.0
1118,Ирония судьбы (Коллекция),2.0,55635037.0,99070718.0
1119,Joe Dirt Collection,2.0,30987695.0,4850000.0
1120,World of Watches Collection,2.0,70862717.0,12517000.0
1121,The Paleface Collection,2.0,0.0,24008701.0
1122,Dolemite Collection,2.0,0.0,65297228.5
1123,Mountain Family Robinson Collection,2.0,0.0,0.0
1124,Save The Last Dance Collection,2.0,91038276.0,144462089.5
1125,Leningrad Cowboys Collection,2.0,0.0,11386009.5
1126,The Princess Diaries Collection,2.0,260484588.0,0.0
1127,Dorm Daze Collection,2.0,263941.0,0.0
1128,The Stepfather Collection,2.0,1519796.0,0.0
1129,House of the Dead Collection,2.0,13818181.0,14000000.0
1130,Kill Bill Collection,2.0,333108461.0,0.0
1131,Texas Chainsaw (Reboot) Collection,2.0,107071655.0,0.0
1132,100 Girls Collection,2.0,0.0,171417.5
1133,Barbarian Queen Collection,2.0,0.0,0.0
1134,The Twins Effect Collection,2.0,0.0,99274502.0
1135,Dark Woods Collection,2.0,0.0,28551947.5
1136,Bad Santa Collection,2.0,94271067.0,0.0
1137,Like Mike Collection,2.0,0.0,9497326.5
1138,C.H.U.D. Collection,2.0,3412497.0,0.0
1139,Our Man Flint Collection,2.0,0.0,6200000.0
1140,Dr. Phibes Collection,2.0,0.0,0.0
1141,Open Water Collection,2.0,54667954.0,0.0
1142,Demetrius Filmreihe,2.0,36000000.0,31900172.5
1143,Bummer Collection,2.0,1600000.0,3250000.0
1144,Azumi Collection,2.0,0.0,66269831.5
1145,What the Bleep! Collection,2.0,10138913.0,257478105.5
1146,Cat People Collection,2.0,4000000.0,1248173259.0
1147,Brother Bear Collection,2.0,0.0,0.0
1148,White Noise Collection,2.0,91196419.0,0.0
1149,Hidden Collection,2.0,0.0,34910667.0
1150,Daddy Day Camp Collection,2.0,182631265.0,225877912.0
1151,War of the Worlds Collection,2.0,0.0,0.0
1152,Without a Paddle Collection,2.0,69631118.0,275116915.0
1153,Kiler Collection,2.0,0.0,0.0
1154,Sugata Sanshirō Collection,2.0,0.0,16622.5
1155,Half Past Dead Collection,2.0,0.0,0.0
1156,Fright Night Collection,2.0,27906021.0,0.0
1157,Stir of Echoes Collection,2.0,21133087.0,598258754.0
1158,The Spiders Serial,2.0,0.0,227656413.0
1159,Grey Gardens Collection,2.0,0.0,311450000.0
1160,A Christmas Story Collection,2.0,19294144.0,3717247395.0
1161,Fullmetal Alchemist Collection,2.0,7401480.0,0.0
1162,State Property Collection,2.0,3798544.0,0.0
1163,AVP Collection,2.0,212980929.0,4450000.0
1164,Airplane Collection,2.0,110604073.0,60607188.5
1165,"Pagnol, Childhood's Memories",2.0,0.0,1899272.0
1166,Dead Snow Collection,2.0,2022135.0,0.0
1167,Allan Quatermain Collection,2.0,238227.0,325469874.0
1168,Garfield Collection,2.0,342506798.0,0.0
1169,Dark Planet Collection,2.0,27708716.0,10566543.5
1170,The Collector Collection,2.0,120842058.0,37755561.5
1171,Rest Stop Collection,2.0,0.0,0.0
1172,My Bloody Valentine Collection,2.0,100734718.0,56093861.0
1173,Inspector Gadget Collection,2.0,0.0,0.0
1174,Beastmaster Collection,2.0,14925853.0,32784934.5
1175,House on Haunted Hill Collection,2.0,40846082.0,9098738.5
1176,On Any Sunday Collection,2.0,0.0,235046086.5
1177,Dennis the Menace Collection,2.0,117270765.0,0.0
1178,King of the Zombies Collection,2.0,0.0,0.0
1179,The Best Man Collection,2.0,106198975.0,0.0
1180,The Guyver Collection,2.0,0.0,0.0
1181,Che Collection,2.0,0.0,14287539.0
1182,Zapped Collection,2.0,0.0,9246181.0
1183,Zoolander Collection,2.0,116749981.0,0.0
1184,The Haunting in Connecticut Collection,2.0,77527732.0,0.0
1185,Marley & Me Collection,2.0,244082376.0,488454270.0
1186,Blue Collar Comedy Tour Collection,2.0,604856.0,74522256.5
1187,Omega Code Series,2.0,2400000.0,96408.0
1188,Penitenciaría - Colección,2.0,0.0,5022651.0
1189,My Girl Collection,2.0,0.0,0.0
1190,The Mesrine Collection,2.0,31055440.0,6828259.5
1191,Mall Cop Collection,2.0,290890373.0,55313982.5
1192,Afro Samurai Collection,2.0,0.0,216531381.5
1193,G.I. Joe (Live-Action) Collection,2.0,674345295.0,0.0
1194,Love Hina Collection,2.0,0.0,0.0
1195,Guinea Pig Collection,2.0,0.0,0.0
1196,Onomichi Trilogy,2.0,0.0,0.0
1197,Elektra Luxx Collection,2.0,18107.0,0.0
1198,Fritz the Cat Collection,2.0,0.0,464371649.0
1199,Sex and Zen Collection,2.0,396003.0,0.0
1200,Ma and Pa Kettle Collection,2.0,0.0,2800000.0
1201,Hot Tub Time Machine Collection,2.0,76886913.0,0.0
1202,How to Train Your Dragon Collection,2.0,1104001807.0,295897468.0
1203,Clash of the Titans Collection,2.0,533713139.0,126000.0
1204,Kick-Ass Collection,2.0,156888903.0,224000000.0
1205,The Moment After Collection,2.0,0.0,0.0
1206,Tooth Fairy Collection,2.0,112462508.0,0.0
1207,Bananas!* Collection,2.0,0.0,0.0
1208,Panda! Go Panda! Collección,2.0,0.0,0.0
1209,Analyze Collection,2.0,231888793.0,63245813.0
1210,Stray Cat Rock Collection,2.0,0.0,383195451.5
1211,48 Hrs. Collection,2.0,232387482.0,0.0
1212,Westworld Collection,2.0,0.0,0.0
1213,Alligator Collection,2.0,0.0,0.0
1214,Pet Sematary Collection,2.0,74561920.0,13677.0
1215,Alice in Wonderland Collection,2.0,1324861194.0,161000000.0
1216,Percy Jackson Collection,2.0,401075960.0,361411924.0
1217,Olympia,2.0,0.0,0.0
1218,Avatar Collection,2.0,2787965087.0,483500.0
1219,Sleuth Collection,2.0,342835.0,0.0
1220,Fuga de cerebros - Collection,2.0,0.0,0.0
1221,Laid to Rest Collection,2.0,0.0,0.0
1222,Cloudy with a Chance of Meatballs Collection,2.0,491373087.0,0.0
1223,Die Fritz Lang Indien-Edition,2.0,0.0,0.0
1224,MVP,2.0,0.0,53535827.5
1225,Mickey's Upon a Christmas Collection,2.0,0.0,46039138.5
1226,The Gorky Collection,2.0,0.0,0.0
1227,Sherlock Holmes Collection,2.0,858643679.0,0.0
1228,Steal This Film Collection,2.0,0.0,0.0
1229,Anglo-Zulu War Collection,2.0,8000000.0,14415.5
1230,MacGyver (TV Movies) Collection,2.0,0.0,0.0
1231,Ninja Collection,2.0,0.0,0.0
1232,Swamp Thing Collection,2.0,192816.0,0.0
1233,Rocky Horror Collection,2.0,112892319.0,0.0
1234,Thunderbirds (Animation) Collection,2.0,0.0,728966644.5
1235,Trylogia Sienkiewicza,2.0,0.0,106673541.5
1236,Captain Harlock Collection,2.0,17137302.0,0.0
1237,Camp Rock Collection,2.0,0.0,150000.0
1238,Jack Frost Collection,2.0,0.0,0.0
1239,Quarantine Collection,2.0,40855419.0,361289.5
1240,Inoshika Ocho series,2.0,0.0,48959331.5
1241,I Am Curious Collection,2.0,0.0,7024186.0
1242,Hitman Collection,2.0,181933203.0,15099552.5
1243,Niko - Coleccion,2.0,17000000.0,0.0
1244,Bachelor Party Collection,2.0,38435947.0,0.0
1245,Arthur Collection,2.0,110142874.0,1462480802.0
1246,Caddyshack Collection,2.0,39846344.0,0.0
1247,Navarone Collection,2.0,36130000.0,27213821.0
1248,The Hamiltons Collection,2.0,0.0,0.0
1249,300 Collection,2.0,760190470.0,53099487.5
1250,Keinohrhasen Filmreihe,2.0,130023447.0,0.0
1251,Battlestar Galactica (Reboot) Collection,2.0,0.0,0.0
1252,Grumpy Old Men Collection,2.0,0.0,0.0
1253,The Condemned Collection,2.0,8642858.0,0.0
1254,Vacancy Collection,2.0,35300645.0,23799821.5
1255,National Treasure Collection,2.0,804815062.0,0.0
1256,Cross of Iron Collection,2.0,0.0,0.0
1257,Decoys Collection,2.0,0.0,30830480.0
1258,Ivan The Terrible Collection,2.0,0.0,64640637.0
1259,Elite Squad Collection,2.0,63027681.0,33596429.5
1260,FernGully Collection,2.0,32710894.0,5329896.0
1261,East is East Collection,2.0,32067000.0,818708215.5
1262,Born Free Trilogy,2.0,0.0,0.0
1263,If I Were You Collection,2.0,0.0,0.0
1264,American Psycho Collection,2.0,34266564.0,0.0
1265,Brice Collection,2.0,0.0,0.0
1266,Halloween (Rob Zombie Series) Collection,2.0,119675375.0,0.0
1267,2 Days In... Collection,2.0,21429951.0,0.0
1268,Grindhouse Collection,2.0,25037897.0,48030429.0
1269,Trilogía Sollima,2.0,0.0,15276697.0
1270,Darko Collection,2.0,5370522.0,0.0
1271,30 Days of Night Collection,2.0,75505973.0,52077921.5
1272,Star Crash Collection,2.0,0.0,0.0
1273,The Party Collection,2.0,0.0,0.0
1274,Why Did I Get Married Collection,2.0,115257317.0,792072293.5
1275,SpongeBob Collection,2.0,451755824.0,133648843.5
1276,The Whole Nine/Ten Yards Collection,2.0,132527432.0,0.0
1277,American Graffiti Collection,2.0,155014674.0,60421029.0
1278,Vampire Hunter D Collection,2.0,0.0,0.0
1279,Death Race Original Collection,2.0,8000000.0,0.0
1280,Piranha Collection,2.0,0.0,0.0
1281,The Lone Ranger (Clayton Moore) Collection,2.0,0.0,4321429.0
1282,Fanny Brice Collection,2.0,52223306.0,319085074.5
1283,Mirrors Collection,2.0,72436439.0,0.0
1284,Red Cliff Collection,2.0,248873834.0,0.0
1285,Deuce Bigalow Collection,2.0,87935221.0,292589464.0
1286,Space Chimps Collection,2.0,63800345.0,0.0
1287,The Last Picture Show Collection,2.0,29133000.0,55958643.5
1288,Journey Collection,2.0,457394820.0,0.0
1289,In China They Eat Dogs Collection,2.0,0.0,12552758.5
1290,Lew Harper Collection,2.0,12000000.0,1231858108.0
1291,Frosty the Snowman Collection,2.0,0.0,0.0
1292,Get Smart Collection,2.0,0.0,0.0
1293,Ten Minutes Older... (Collection),2.0,0.0,12233630.5
1294,Arn collection,2.0,0.0,0.0
1295,The Ultimate Collection,2.0,0.0,0.0
1296,Single White Female Collection,2.0,48017402.0,0.0
1297,The Black Stallion Collection,2.0,47599643.0,0.0
1298,Nim's Island Collection,2.0,100076342.0,0.0
1299,Street Kings Collection,2.0,65569869.0,22650000.0
1300,"To Sir, with Love Collection",2.0,0.0,492503.5
1301,The Boondock Saints Collection,2.0,10659792.0,0.0
1302,Wayne's World Collection,2.0,169662323.0,0.0
1303,Sex and the City Collection,2.0,703600478.0,0.0
1304,Sister Act Collection,2.0,288924179.0,55401838.0
1305,Slime City Collection,1.0,0.0,0.0
1306,Daddy's Home Collection,1.0,242786137.0,0.0
1307,Zombi Collection,1.0,0.0,0.0
1308,Umizaru Collection,1.0,0.0,169327687.0
1309,Chinese Boxer Collection,1.0,0.0,0.0
1310,Once were Warriors Collection,1.0,2201126.0,0.0
1311,Cold War Collection,1.0,0.0,589331619.0
1312,OSS 117 The Original Saga,1.0,0.0,793216361.0
1313,Arabian Nights,1.0,0.0,0.0
1314,Tales From The Dark Collection,1.0,0.0,56309766.0
1315,F.C. De Kampioenen Collectie,1.0,7471304.0,0.0
1316,Lucky Luke (Terence Hill) Collection,1.0,0.0,0.0
1317,K3 Collectie,1.0,0.0,5125098793.0
1318,Public Enemy Series,1.0,0.0,0.0
1319,Richie Rich Collection,1.0,0.0,0.0
1320,All Hallow's Eve Collection,1.0,0.0,0.0
1321,Super Size Me Collection,1.0,28575078.0,401099483.0
1322,Hentai Kamen Collection,1.0,0.0,3000000.0
1323,Young And Dangerous Collection,1.0,0.0,99532338.0
1324,Алиса в стране чудес (Коллекция),1.0,0.0,0.0
1325,Devasuram Collection,1.0,0.0,0.0
1326,The Under-Gifted Collection,1.0,0.0,29800000.0
1327,Regalo di Natale - Collezione,1.0,0.0,0.0
1328,08/15 Collection,1.0,0.0,471243165.0
1329,Papa ou Maman Collection,1.0,0.0,0.0
1330,Lammbock Collection,1.0,0.0,0.0
1331,Dr. Mabuse Collection,1.0,0.0,0.0
1332,Dark Rising Collection,1.0,0.0,0.0
1333,Wonder Woman Collection,1.0,820580447.0,0.0
1334,The Cheerleaders - Collection,1.0,0.0,429375314.0
1335,Bang Rajan Collection,1.0,0.0,60000000.0
1336,Fallen Collection,1.0,0.0,0.0
1337,Fight Back to School Collection,1.0,0.0,0.0
1338,Mrs. Miracle Collection,1.0,0.0,194565309.0
1339,Hot Wheels: AcceleRacers - Collection,1.0,0.0,261228450.0
1340,The Krays Collection,1.0,0.0,0.0
1341,Extralarge Collection,1.0,0.0,0.0
1342,Argo Collection,1.0,0.0,0.0
1343,Madeline,1.0,0.0,1075726677.0
1344,Pierino - Serie ufficiale,1.0,0.0,924422301.0
1345,Northpole,1.0,0.0,0.0
1346,The Adventures of Mickey Matson Collection,1.0,0.0,77527732.0
1347,The Falls Collection,1.0,0.0,0.0
1348,Wolf Warriors Collection,1.0,80000000.0,25000000.0
1349,The Prostitute Trilogy,1.0,0.0,69623713.0
1350,Ostwind Filmreihe,1.0,0.0,0.0
1351,Destricted,1.0,0.0,5844868.0
1352,Assassination Classroom Collection,1.0,0.0,2935523356.0
1353,Tada's Do-It-All Collection,1.0,0.0,0.0
1354,Aurélie Laflamme Collection,1.0,0.0,0.0
1355,Göta kanal collection,1.0,0.0,17985893.0
1356,Zipi y Zape - Colección,1.0,0.0,0.0
1357,Şevkat Yerimdar Serisi,1.0,0.0,0.0
1358,Tainá,1.0,0.0,100138851.0
1359,Midnight Diner Collection,1.0,0.0,2944162634.0
1360,The Pub Landlord Collection,1.0,0.0,0.0
1361,Alan Davies Collection,1.0,0.0,561202163.0
1362,Miles Jupp Standup Collection,1.0,0.0,59893982.0
1363,The Joys of Torture Series,1.0,0.0,88025781.0
1364,Der Bockerer Collection,1.0,0.0,0.0
1365,Blood Island (Hammer series),1.0,0.0,631442092.0
1366,I soliti idioti Collection,1.0,0.0,1040000.0
1367,Krummerne (Samling),1.0,0.0,836688411.0
1368,Olsen Banden (Samling),1.0,0.0,40000000.0
1369,Vai Que Dá Certo,1.0,0.0,798406075.0
1370,Sağ Salim Serisi,1.0,0.0,0.0
1371,Düğün Dernek Collection,1.0,0.0,341523612.0
1372,Mandıra Filozofu Serisi,1.0,0.0,260702809.0
1373,The Hobgoblin Collection,1.0,0.0,0.0
1374,Flatland Collection,1.0,0.0,27625100.0
1375,Nitro Collection,1.0,0.0,0.0
1376,In the Vineyard Collection,1.0,0.0,84460846.0
1377,Omae Umasou Da na,1.0,0.0,82917392.0
1378,DMB Collection,1.0,0.0,29133000.0
1379,Bloodfight,1.0,0.0,34510225.0
1380,Gumball 3000 Collection,1.0,0.0,6924581.0
1381,Сказки Чуковского,1.0,0.0,781111076.0
1382,I Spit on Your Grave (Original) Collection,1.0,0.0,0.0
1383,Ducobu Collection,1.0,0.0,788241776.0
1384,Чебурашка и крокодил Гена,1.0,0.0,222300000.0
1385,Tomtar och Trolltyg Collection,1.0,0.0,0.0
1386,Hailey Dean Mystery Collection,1.0,0.0,0.0
1387,Kocan Kadar Konuş Serisi,1.0,0.0,30471420.0
1388,Ivan Brovkin Collection,1.0,0.0,2916544743.0
1389,Зимняя Вишня (трилогия),1.0,0.0,0.0
1390,Aniskin Collection,1.0,0.0,0.0
1391,The Cutlass Collection,1.0,0.0,0.0
1392,Adventures of a ...,1.0,0.0,4905000.0
1393,Macskafogó gyűjtemény,1.0,0.0,20659423.0
1394,Çalgı Çengi Collection,1.0,0.0,35500000.0
1395,La Tour Infernale,1.0,0.0,0.0
1396,Параграф 78 - Дилогия,1.0,0.0,0.0
1397,Никто не знает про секс - Коллекция,1.0,0.0,15608545.0
1398,God of Gamblers Collection,1.0,4762337.0,0.0
1399,Turkish Star Wars,1.0,0.0,22165608.0
1400,Tokyo Decadence series,1.0,0.0,0.0
1401,They Call Me Bruce Collection,1.0,16894678.0,351583407.0
1402,Minions: 3 Mini-Movie Collection,1.0,0.0,1627105295.0
1403,Classmates Collection,1.0,0.0,18718124.0
1404,Romantik Komedi [Seri],1.0,0.0,659576787.0
1405,Eyyvah Eyvah Collection,1.0,0.0,31055440.0
1406,Zero Woman Collection,1.0,0.0,1109660.0
1407,Caméra Café,1.0,0.0,119317844.0
1408,White Collar Hooligan Collection,1.0,0.0,214839043.0
1409,Little Bear,1.0,0.0,0.0
1410,Kolpaçino Serisi,1.0,0.0,0.0
1411,Shin Chan Collection,1.0,0.0,0.0
1412,Macross Frontier Collection,1.0,0.0,0.0
1413,Showgirls Collection,1.0,20350754.0,0.0
1414,00 Schneider Filmreihe,1.0,0.0,1250027401.0
1415,Black Magic Collection,1.0,0.0,400124401.0
1416,Los Leguineche - Colección,1.0,1622164.0,0.0
1417,Force Collection,1.0,0.0,0.0
1418,Die Kirche bleibt im Dorf Collection,1.0,0.0,36442475.0
1419,Knerten Collection,1.0,0.0,0.0
1420,Father of Four Collection,1.0,0.0,0.0
1421,Rakht Charitra,1.0,0.0,252077290.0
1422,Tarzan (Mike Henry series),1.0,0.0,44527234.0
1423,Race Gurram collection,1.0,0.0,0.0
1424,Welcome Collection,1.0,36500000.0,107912717.0
1425,Wild Orchid Collection,1.0,0.0,0.0
1426,Flower & Snake Collection,1.0,0.0,0.0
1427,Les Profs,1.0,0.0,0.0
1428,Raaz Collection,1.0,0.0,0.0
1429,Death Note Relight,1.0,0.0,0.0
1430,ABCD Collection,1.0,222000.0,0.0
1431,Horror High Collection,1.0,0.0,2970.0
1432,You Got Served Collection,1.0,0.0,164478248.0
1433,All for ...,1.0,0.0,75871032.0
1434,Black & White Collection,1.0,0.0,84563118.0
1435,Armitage III Collection,1.0,0.0,17626234.0
1436,The Nigger Charley Collection,1.0,0.0,0.0
1437,Fast Getaway Collection,1.0,0.0,0.0
1438,Nadodikkattu Collection,1.0,0.0,260484588.0
1439,Beck - Historien om ett brott,1.0,0.0,16.0
1440,Eccezzziunale... veramente Collections,1.0,0.0,0.0
1441,Hard Time Collection,1.0,0.0,30468044.0
1442,Spirits' Homecoming Collection,1.0,0.0,0.0
1443,Sides of the Bed,1.0,0.0,316699354.0
1444,Waldemar Daninsky Collection,1.0,0.0,6732396.0
1445,Till Luck Do Us Part Collection,1.0,1672940.0,0.0
1446,Mikogami Trilogy / Wanderer Jôkichi,1.0,0.0,118647330.0
1447,Goopy Bagha Trilogy,1.0,0.0,0.0
1448,Kung Fu Mahjong Collection,1.0,0.0,493881361.0
1449,LasseMaja: Samling,1.0,0.0,0.0
1450,Fatal Fury Collection,1.0,0.0,0.0
1451,Kenji Misumi's Trilogy of the Sword,1.0,0.0,118063304.0
1452,Emmanuelle 2000 Collections (USA),1.0,0.0,0.0
1453,Flower Shop Mystery Collection,1.0,0.0,32416586.0
1454,All of My Heart Collection,1.0,0.0,447188544.0
1455,CyberTracker Collection,1.0,0.0,165333180.0
1456,Mi Nismo Anđeli Collection,1.0,0.0,0.0
1457,Nana Collection,1.0,0.0,875457937.0
1458,Singam Collection,1.0,9700000.0,14665733.0
1459,The Modesty Blaise Collection,1.0,0.0,0.0
1460,Memories Collection,1.0,0.0,48063435.0
1461,Karas The Collection,1.0,0.0,0.0
1462,Quando le donne avevano la coda,1.0,0.0,0.0
1463,Superman (DC Universe Animated) Collection,1.0,0.0,27000000.0
1464,The Angrez Collection,1.0,300000.0,0.0
1465,Yamakasi - Collection,1.0,0.0,83405478.0
1466,Bloodfist Collection,1.0,0.0,0.0
1467,Meu Passado me Condena,1.0,0.0,35007180.0
1468,Don't Go Breaking My Heart Collection,1.0,0.0,0.0
1469,The Four Collection,1.0,0.0,1108367047.0
1470,Nymphomaniac Collection,1.0,2227167.0,0.0
1471,Zanna Bianca Collection,1.0,0.0,0.0
1472,American Addict Collection,1.0,0.0,0.0
1473,Горько! (Коллекция),1.0,0.0,109100657.0
1474,Eberhofer Krimi Collection,1.0,0.0,0.0
1475,Lamù Collection,1.0,0.0,0.0
1476,China O'Brien Collection,1.0,0.0,1519796.0
1477,The Heroic Trio Collection,1.0,0.0,165963399.0
1478,Swordsman Collection,1.0,0.0,0.0
1479,Action Pack Bandit Films Collection,1.0,0.0,0.0
1480,"Maria, ihm schmeckt's nicht!",1.0,0.0,0.0
1481,We're the Millers Collection,1.0,269994119.0,0.0
1482,Warriors of Virtue Collection,1.0,0.0,0.0
1483,Yamla Pagla Deewana,1.0,0.0,1845327738.0
1484,World War Z Collection,1.0,531865000.0,1423000.0
1485,Pacific Rim Collection,1.0,407602906.0,47758430.0
1486,Mods Collection,1.0,0.0,0.0
1487,Stomp the Yard Collection,1.0,75511123.0,54947.0
1488,The Devil's Carnival Collection,1.0,0.0,0.0
1489,The South Shaolin Master Collection,1.0,0.0,310705790.0
1490,Die Nibelungen Filmreihe,1.0,0.0,951179.0
1491,The Nut Job Collection,1.0,0.0,3342107290.0
1492,Gunbuster Collection,1.0,0.0,0.0
1493,The Croods Collection,1.0,585178928.0,0.0
1494,Anatomy Collection,1.0,0.0,0.0
1495,Viy Collection,1.0,34592118.0,0.0
1496,The Reef Collection,1.0,0.0,238073.0
1497,I due carabinieri Collecion,1.0,0.0,269143718.0
1498,Freche Mädchen Filmreihe,1.0,0.0,40738250.0
1499,Father Flanagan Collection,1.0,0.0,0.0
1500,Kingsman Collection,1.0,414351546.0,0.0
1501,Constantine Collection,1.0,230884728.0,0.0
1502,Flower and Snake Collection,1.0,0.0,0.0
1503,Six Swedes Collection,1.0,0.0,808114.0
1504,Ninjas vs. Collection,1.0,0.0,0.0
1505,Cleopatra Jones,1.0,0.0,132527432.0
1506,The ChubbChubbs Collection,1.0,0.0,0.0
1507,The Monkey King Collection,1.0,0.0,0.0
1508,If You Are the One (Collection),1.0,0.0,0.0
1509,Zu Warriors Collection,1.0,0.0,0.0
1510,Valami Amerika gyűjtemény,1.0,0.0,1405305345.0
1511,Aashiqui Collection,1.0,16000000.0,154232059.0
1512,Warriors of the Rainbow: The Seediq Bale Saga,1.0,0.0,6697771.0
1513,Hopalong Cassidy films,1.0,0.0,0.0
1514,Dead in Tombstone Collection,1.0,0.0,257567747.0
1515,Digimon Collection,1.0,0.0,0.0
1516,Annabelle Collection,1.0,255273813.0,0.0
1517,Kati Collection,1.0,0.0,0.0
1518,Star Wreck Collection,1.0,0.0,16894678.0
1519,Father and Guns Collection,1.0,0.0,166251935.0
1520,Cyborg 009 Collection,1.0,0.0,8176544.0
1521,Journey to the West Collection,1.0,0.0,1093898020.0
1522,Disneys Große Pause,1.0,44460850.0,0.0
1523,Mr. Bones Collection,1.0,0.0,0.0
1524,The Snowman Collection,1.0,0.0,24209008.0
1525,Bats Collection,1.0,10.0,0.0
1526,Dreileben,1.0,0.0,0.0
1527,Galaxy Express 999 Collection,1.0,0.0,0.0
1528,Takashi Miike's Young Thugs series,1.0,0.0,0.0
1529,Naked Fear Collection,1.0,0.0,1672940.0
1530,The Desert Collection,1.0,0.0,101646581.0
1531,Fred Collection,1.0,0.0,20300000.0
1532,Sami Swoi Collection,1.0,0.0,126.0
1533,Truth in 24 Collection,1.0,0.0,0.0
1534,U Pana Boga Collection,1.0,0.0,0.0
1535,McDull Collection,1.0,0.0,0.0
1536,Pekko aikamiespoika Collection,1.0,0.0,0.0
1537,How I Unleashed World War II,1.0,0.0,0.0
1538,Caprinos Eventyrlige Verden,1.0,0.0,431208728.0
1539,The Storm Riders Collection,1.0,0.0,0.0
1540,Kill Buljo Collection,1.0,0.0,0.0
1541,Shadow Warriors,1.0,0.0,112462508.0
1542,Tere Bin Laden Collection,1.0,0.0,0.0
1543,Rare Exports Collection,1.0,0.0,0.0
1544,The August Underground Collection,1.0,0.0,11672363.0
1545,The Black Mask Collection,1.0,0.0,0.0
1546,Deadly Prey Collection,1.0,0.0,1937890605.0
1547,Mondo Cane Collection,1.0,0.0,3833507.0
1548,3 Men (Original) Collection,1.0,2052466.0,57903789.0
1549,Macon County Collection,1.0,0.0,0.0
1550,Puss 'n Boots Collection,1.0,0.0,4366101244.0
1551,Åsa-Nisse Collection,1.0,0.0,0.0
1552,Tulse Luper,1.0,25800.0,48572000.0
1553,Takashi Miike's Black Society Trilogy,1.0,0.0,0.0
1554,2001 Maniacs Collection,1.0,0.0,0.0
1555,Angelique Collection,1.0,0.0,0.0
1556,The 1997 Trilogy,1.0,0.0,0.0
1557,This is England Collection,1.0,8176544.0,0.0
1558,Les Boys,1.0,0.0,0.0
1559,The Postman Collection,1.0,17626234.0,0.0
1560,Cirque du Soleil Collection,1.0,34153101.0,0.0
1561,Legends of the Poisonous Seductress,1.0,0.0,5450815.0
1562,Surf's Up Collection,1.0,149044513.0,0.0
1563,Barney Collection,1.0,0.0,0.0
1564,Wreck-It Ralph Collection,1.0,471222889.0,25800.0
1565,Mann Filmreihe,1.0,0.0,11466088.0
1566,Gangs of Wasseypur Collection,1.0,4100000.0,0.0
1567,Thermae Romae Collection,1.0,0.0,0.0
1568,The Man from Earth Collection,1.0,0.0,0.0
1569,Footsoldier Collection,1.0,0.0,0.0
1570,Immaturi Collection,1.0,0.0,17355754.0
1571,Zebraman Collection,1.0,0.0,0.0
1572,Flesh Gordon Collection,1.0,0.0,14600000.0
1573,Wanted - Collection,1.0,258270008.0,0.0
1574,Boston Blackie Series,1.0,0.0,0.0
1575,Mamma Mia! Collection,1.0,609841637.0,260887222.0
1576,Mister Roberts Collection,1.0,0.0,539608743.0
1577,Letters to Santa Collection,1.0,0.0,12398628.0
1578,The Water of the Hills,1.0,0.0,12945586.0
1579,Seed Collection,1.0,0.0,0.0
1580,Super Troopers Collection,1.0,18492362.0,0.0
1581,Kim Possible Collection,1.0,0.0,0.0
1582,Il tassinaro,1.0,0.0,0.0
1583,Cross Collection,1.0,0.0,111101957.0
1584,Il medico della mutua Collection,1.0,0.0,0.0
1585,Golgo 13 Collection,1.0,0.0,124934.0
1586,Sex is Zero Collection,1.0,0.0,0.0
1587,The Sally Lochhart Mysteries Collection,1.0,0.0,0.0
1588,Encounters of the Spooky Kind Collection,1.0,731753.0,35300645.0
1589,Trinità  Collection,1.0,0.0,0.0
1590,Cabin By The Lake Collection,1.0,0.0,0.0
1591,The Secret Life of Pets Collection,1.0,875457937.0,0.0
1592,Blade Runner Collection,1.0,33139618.0,0.0
1593,Fantastic Beasts Collection,1.0,809342332.0,0.0
1594,Max (Collection),1.0,43967255.0,0.0
1595,Ada Apa Dengan Cinta? Collection,1.0,0.0,80547866.0
1596,My Sisters Kids Collection,1.0,0.0,300257475.0
1597,Gone in 60 Seconds Trilogy,1.0,0.0,0.0
1598,Martial Law Collection,1.0,0.0,0.0
1599,The Sister Street Fighter Collection,1.0,0.0,0.0
1600,The Dog Who Saved Christmas Collection,1.0,0.0,6000000.0
1601,Road House Collection,1.0,30050028.0,34592118.0
1602,Mörderischer Norden,1.0,0.0,0.0
1603,Lauras Stern,1.0,0.0,18637690.0
1604,"Rico, Oskar 1, 2 & 3",1.0,0.0,0.0
1605,The Houses October Built Collection,1.0,0.0,57223890.0
1606,Sabrina the Teenage Witch Collection,1.0,0.0,0.0
1607,Allan Quatermain (1950 series),1.0,0.0,178596090.0
1608,Anja & Viktor Collection,1.0,0.0,192452832.0
1609,The Frogtown Collection,1.0,0.0,0.0
1610,Prep & Landing Collection,1.0,0.0,258270008.0
1611,Always: Sunset on Third Street Collection,1.0,33053559.0,0.0
1612,Dragon Nest Collection,1.0,0.0,0.0
1613,Puff Collection,1.0,0.0,79567667.0
1614,Detonator Collection,1.0,0.0,0.0
1615,Fear Collection,1.0,0.0,0.0
1616,Short Peace,1.0,0.0,0.0
1617,White Crane Chronicles,1.0,0.0,169662323.0
1618,PTU Collection,1.0,0.0,8910819.0
1619,Ur kärlekens språk,1.0,0.0,0.0
1620,I pompieri - Collezione,1.0,0.0,269994119.0
1621,The Mangler Collection,1.0,0.0,30218387.0
1622,The Exterminator Collection,1.0,0.0,36500000.0
1623,Erotic Ghost Story Collection,1.0,0.0,0.0
1624,Lee Rock Collection,1.0,0.0,0.0
1625,The Incredibles Collection,1.0,631442092.0,10138913.0
1626,Long Arm of the Law Collection,1.0,0.0,66966987.0
1627,Art of the Devil Collection,1.0,0.0,0.0
1628,Vampire Boys Collection,1.0,0.0,0.0
1629,NASU Collection,1.0,0.0,0.0
1630,Ex Collection,1.0,0.0,0.0
1631,Lezioni di Cioccolato Collection,1.0,0.0,34793160.0
1632,Mystery Woman,1.0,0.0,91196419.0
1633,I Love a Mystery movie series,1.0,0.0,115257317.0
1634,Thunder in Paradise Collection,1.0,0.0,0.0
1635,Robot Chicken: Star Wars Collection,1.0,0.0,0.0
1636,Schule Collection,1.0,0.0,67200000.0
1637,Begotten Collection,1.0,0.0,0.0
1638,East Side Kids,1.0,0.0,0.0
1639,Wodehouse P.G. Collection,1.0,0.0,0.0
1640,My Sassy Girl Collection,1.0,0.0,15719109.0
1641,Isi/Disi Collection,1.0,0.0,36393000.0
1642,Old Way Collection,1.0,0.0,168180.0
1643,He Who Dares Collection,1.0,0.0,0.0
1644,Snake Eater Collection,1.0,0.0,69631118.0
1645,The Mark Collection,1.0,0.0,0.0
1646,The Sweeney Collection,1.0,0.0,0.0
1647,Richard the Lionheart Collection,1.0,0.0,37393092.0
1648,Les Charlots - Saga,1.0,0.0,80000000.0
1649,Ring of Fire Collection,1.0,0.0,820580447.0
1650,Skeleton Key Collection,1.0,0.0,32268129.0
1651,In the Line of Duty Collection,1.0,0.0,531865000.0
1652,Hayride Collection,1.0,0.0,70862717.0
1653,Magic Kid Collection,1.0,0.0,113080982.0
1654,Aces Go Places Collection,1.0,0.0,471222889.0
1655,Heidi (Praesens-Film) Filmreihe,1.0,0.0,28650575.0
1656,Salt and Pepper Collection,1.0,0.0,2808832317.0
1657,Deadpool Collection,1.0,783112979.0,0.0
1658,Ant-Man Collection,1.0,519311965.0,0.0
1659,Justice League Collection,1.0,0.0,0.0
1660,Inuyasha Collection,1.0,0.0,116207.0
1661,Vi hade i alla fall tur med vädret Collection,1.0,0.0,0.0
1662,The Six Million Dollar Man Collection,1.0,0.0,0.0
1663,No Good Middle-Aged Yakuza Trilogy,1.0,0.0,44726644.0
1664,The Spiritual Boxer Collection,1.0,0.0,0.0
1665,Fanthagirò Collection,1.0,0.0,0.0
1666,The Encounter Collection,1.0,0.0,0.0
1667,Kleines Arschloch Collection,1.0,0.0,0.0
1668,Dixie Zombi - Colección,1.0,0.0,0.0
1669,House of Angels Collection,1.0,0.0,0.0
1670,The Bride with White Hair Collection,1.0,0.0,0.0
1671,Sex Up Filmreihe,1.0,0.0,0.0
1672,Santa's Apprentice,1.0,0.0,0.0
1673,The Wixxer Trilogy,1.0,0.0,116749981.0
1674,Killer Crocodile Collection,1.0,0.0,392688588.0
1675,Fontaine Khaled Collection,1.0,0.0,0.0
1676,Robotech (Samling),1.0,0.0,59265680.0
1677,Lemon Popsicle Collection,1.0,0.0,694669972.0
1678,Gonin collection,1.0,0.0,0.0
1679,The Waxwork Collection,1.0,808114.0,0.0
1680,Sadako 3D Collection,1.0,0.0,0.0
1681,Lemmy Caution Collection,1.0,0.0,0.0
1682,Apocalypse Collection,1.0,0.0,0.0
1683,Doraemon Collection,1.0,83061158.0,13218980.0
1684,Elvira Collection,1.0,5596267.0,0.0
1685,Tomie Collection,1.0,0.0,55635037.0
1686,Garage Sale Mystery Collection,1.0,0.0,0.0
1687,Chaar Sahibzaade Collection,1.0,0.0,0.0
1688,Mr. Boogedy Collection,1.0,0.0,0.0
1689,Lady Snowblood Collection,1.0,0.0,9816332.0
1690,Glass Tiger collection,1.0,0.0,0.0
1691,Kathleen Madigan Collection,1.0,0.0,0.0
1692,The Big Bottom Box,1.0,0.0,0.0
1693,Joséphine - Saga,1.0,0.0,0.0
1694,Red Lotus Collection,1.0,0.0,0.0
